분류,시설명,행정동
간이운동장,돌   뫼,석관동
간이운동장,동   방,장위제1동
간이운동장,동   산,길음제2동
간이운동장,밤   골,길음제2동
간이운동장,삼   선,삼선동
간이운동장,샛   별,석관동
간이운동장,종   암,종암동
간이운동장,햇   살,월곡제2동
간이운동장,향   기,월곡제2동
간이운동장,고암,종암동
간이운동장,매화,정릉제1동
간이운동장,솔숲,정릉제1동
간이운동장,한울,정릉제1동
간이운동장,아현 녹지,아현동
체육관,성북 펜싱 체육관,종암동
간이운동장,서교 걷고 싶은거리쉼터,서교동
간이운동장,쌍문 근린공원,쌍문제1동
간이운동장,창동 공공공지,창제1동
간이운동장,남산 게이트볼장,내곡동
간이운동장,신양 동네체육시설,혜화동
간이운동장,천연 야외운동시설,천연동
간이운동장,홍제 야외운동시설,홍제제1동
간이운동장,응봉(한마음) 배드민턴장,신당동
국궁장,관악정,서원동
간이운동장,깃대봉,종로1·2·3·4가동
간이운동장,꿈나라,보문동
간이운동장,동망봉,보문동
간이운동장,두산힐,반포본동
간이운동장,등산로,암사제1동
간이운동장,등산로,암사제1동
간이운동장,맑은숲,장위제1동
간이운동장,배밭골,정릉제1동
간이운동장,범바위,안암동
간이운동장,새소리,동선동
간이운동장,솔향기,길음제1동
간이운동장,족구장,남가좌제1동
간이운동장,테스트,영등포본동
골프연습장,테스트,방이1동
간이운동장,해맑은,길음제1동
간이운동장,홍제동,홍제제1동
국궁장,황학정,사직동
간이운동장,궁도장 옆,시흥제1동
간이운동장,천불사 옆,시흥제1동
간이운동장,광성고 옆 쉼터,대흥동
간이운동장,녹천역 앞 광장,월계1동
간이운동장,대흥동 쉼터,용강동
간이운동장,백련교 우안 상류 간이운동장,홍은제1동
간이운동장,사천교 우안 상류 간이운동장,남가좌제1동
간이운동장,연가교 우안 상류 간이운동장,남가좌제1동
간이운동장,와산교 좌안 하류 간이운동장,북가좌제1동
간이운동장,해담는 다리 좌안 간이운동장,북가좌제1동
간이운동장,홍제교 좌안 상류 간이운동장,홍제제1동
간이운동장,광장동 실내 배드민턴장,광장동
간이운동장,포방교 상류 간이운동장,홍제제1동
간이운동장,구일역 풋살장,구로제1동
간이운동장,중랑천 노원교 밑,도봉제1동
간이운동장,중랑천 녹천교 밑,상계1동
간이운동장,중랑천 창동교 밑,창제1동
간이운동장,창전동 보호수 정자마당,서강동
간이운동장,공덕동 체육시설,아현동
간이운동장,도화동 체육시설,공덕동
간이운동장,방학동 공공공지,방학제1동
간이운동장,신남동 테니스장,혜화동
간이운동장,연남동 체육시설,연남동
간이운동장,우이천 번창교밑,창제1동
간이운동장,우이천 수유교밑 분수대옆,쌍문제1동
간이운동장,우이천 수유교밑(하천) 시설,창제1동
간이운동장,구일역 게이트볼장,구로제1동
간이운동장,매봉산 배드민턴장,신당동
간이운동장,목감천 배드민턴장,개봉제1동
간이운동장,성산동 게이트볼장,성산제1동
간이운동장,안양천 파크골프장(우안),신도림동
간이운동장,안양천 파크골프장(좌안),고척제1동
간이운동장,북아현 야외운동시설,북아현동
간이운동장,영천동 야외운동시설,천연동
간이운동장,우면산 도시자연공원,서초3동
체육관,광장동 실내배드민턴장,광장동
간이운동장,목감천 인라인스케이트장,개봉제1동
간이운동장,대치교_남단,대치1동
간이운동장,농구장(구일역),구로제1동
간이운동장,농구장(도림천),신도림동
간이운동장,농구장(동양미래대 앞),고척제1동
간이운동장,농구장(오류고가하부),오류1동
간이운동장,가꿀공원,서초3동
간이운동장,개뜰공원,양재1동
간이운동장,개포공원,종로1·2·3·4가동
간이운동장,계리공원,양재1동
간이운동장,공항해태,공항동
간이운동장,교대공원,서초1동
간이운동장,구룡공원,양재1동
간이운동장,군민회관,혜화동
간이운동장,궁현공원,서초1동
간이운동장,나리공원,반포본동
간이운동장,농구골대,남가좌제1동
간이운동장,늘벗공원,혜화동
간이운동장,능안공원,내곡동
간이운동장,당골공원,서초1동
간이운동장,대림경동,염창동
간이운동장,대우효령,서초3동
간이운동장,대진공원,개포1동
간이운동장,대청공원,개포2동
간이운동장,대치공원,혜화동
간이운동장,댓골마당,시흥제1동
간이운동장,도산공원,신사제1동
간이운동장,도시공원,사당제1동
간이운동장,도시공원,상도제1동
간이운동장,도시공원,상도제1동
간이운동장,도시공원,흑석동
간이운동장,도시공원,흑석동
간이운동장,도시공원,흑석동
간이운동장,도시공원,상도제1동
간이운동장,도시공원,사당제1동
간이운동장,도시공원,상도제1동
간이운동장,도시공원,사당제1동
간이운동장,도시공원,상도제1동
간이운동장,도시공원,대방동
간이운동장,도시공원,보라매동
간이운동장,도시공원,사당제1동
간이운동장,도시공원,대방동
간이운동장,도시공원,상도제1동
간이운동장,도시공원,상도제1동
간이운동장,도시공원,노량진제1동
간이운동장,도시공원,사당제2동
간이운동장,도시공원,상도제1동
간이운동장,도시공원,사당제2동
간이운동장,도시공원,대방동
간이운동장,도시공원,사당제2동
간이운동장,도시공원,사당제1동
간이운동장,도시공원,사당제1동
간이운동장,도시공원,상도제1동
간이운동장,도시공원,사당제2동
간이운동장,도시공원,사당제1동
간이운동장,독골공원,도곡1동
간이운동장,동문공원,양재1동
간이운동장,동산공원,양재1동
간이운동장,뒷벌공원,서초3동
간이운동장,만남공원,반포본동
간이운동장,미도공원,반포본동
간이운동장,미래푸메,서초3동
간이운동장,미륵공원,내곡동
간이운동장,반원공원,잠원동
간이운동장,반월공원,신월1동
간이운동장,반포리체,반포본동
간이운동장,반포자이,반포본동
간이운동장,반포주공,반포본동
간이운동장,반포주공,반포본동
간이운동장,방현공원,서초3동
간이운동장,방화동성,공항동
간이운동장,봉은공원,혜화동
간이운동장,비석공원,양재1동
간이운동장,새말공원,서초3동
간이운동장,새터공원,잠원동
간이운동장,샛별공원,양재1동
간이운동장,서원공원,서초3동
간이운동장,서초자이,서초1동
간이운동장,신동공원,잠원동
간이운동장,신사공원,혜화동
간이운동장,아름공원,잠원동
간이운동장,안골공원,내곡동
간이운동장,안산공원,서초3동
간이운동장,암산공원,양재1동
간이운동장,양재공원,양재1동
간이운동장,역삼공원,역삼1동
간이운동장,염곡공원,내곡동
간이운동장,염창무학,염창동
간이운동장,예술공원,서초1동
간이운동장,예지공원,개포1동
간이운동장,용말공원,양재1동
간이운동장,윗샘공원,내곡동
간이운동장,잔디공원,양재1동
간이운동장,장미공원,반포본동
간이운동장,장안공원,서초1동
간이운동장,잿말공원,양재1동
간이운동장,점말공원,잠원동
간이운동장,정문공원,서초3동
간이운동장,주민센터,염창동
간이운동장,주민센터,염창동
간이운동장,주민센터,발산제1동
간이운동장,주민센터,염창동
간이운동장,주민센터,화곡제1동
간이운동장,주민센터,등촌제1동
간이운동장,주민센터,홍제제1동
간이운동장,주민센터,등촌제1동
간이운동장,주민센터,염창동
간이운동장,주민센터,등촌제1동
간이운동장,주민센터,화곡제1동
간이운동장,주민센터,화곡제1동
간이운동장,주민센터,화곡제1동
간이운동장,주민센터,화곡제1동
간이운동장,주민센터,화곡제1동
간이운동장,주민센터,화곡제1동
간이운동장,주흥공원,잠원동
간이운동장,청담공원,혜화동
간이운동장,청두공원,서초3동
간이운동장,청룡공원,반포본동
간이운동장,청룡공원,혜화동
간이운동장,청수공원,혜화동
간이운동장,체육공원,면목제2동
간이운동장,체육공원,면목제2동
간이운동장,체육공원,중화제1동
간이운동장,초룡공원,반포본동
간이운동장,코아공원,잠원동
간이운동장,탄천공원,이화동
간이운동장,푸른공원,반포본동
간이운동장,학동공원,혜화동
간이운동장,학동공원,논현1동
간이운동장,한강타운,염창동
간이운동장,한솔공원,종로1·2·3·4가동
간이운동장,한수공원,반포본동
간이운동장,한티공원,이화동
간이운동장,햇불공원,양재1동
간이운동장,현대성우,서초1동
간이운동장,황실자이,서초3동
간이운동장,효자공원,양재1동
간이운동장,상수쉼터,서강동
간이운동장,상암교회 옆 체육시설,상암동
간이운동장,시흥계곡 주변,시흥제1동
간이운동장,이대녹지 쉼터,용강동
간이운동장,노고산동 체육시설,합정동
간이운동장,석우마을 체육시설,혜화동
간이운동장,정릉천변 마을마당,정릉제1동
간이운동장,창동마을 체육시설,혜화동
간이운동장,청양마을 체육시설,종로1·2·3·4가동
기타시설,삼일공원 청소년농구장,사당제1동
축구장,가양축구장,염창동
간이운동장,강나루현대,염창동
간이운동장,강변오솔길,청담동
간이운동장,개포동공원,개포1동
간이운동장,개포서공원,종로1·2·3·4가동
간이운동장,게이트볼장,신당동
간이운동장,경남아파트,공항동
간이운동장,공덕소공원,아현동
간이운동장,금천정일대,독산제1동
간이운동장,남태령공원,서초3동
간이운동장,너른골공원,서초3동
간이운동장,늘푸른공원,혜화동
간이운동장,늘푸른공원,필동
간이운동장,늘푸른공원,잠원동
간이운동장,다솜소공원,역삼1동
간이운동장,대동황토방,등촌제1동
간이운동장,두둑재공원,양재1동
승마장,뚝섬승마장,성수1가제1동
간이운동장,마산말공원,서초1동
간이운동장,만남의광장,도봉제1동
간이운동장,만수천공원,독산제1동
야구장,목동야구장,목1동
체육관,미성체육관,서원동
간이운동장,바우뫼공원,양재1동
간이운동장,발바닥공원,방학제1동
간이운동장,방배래미안,서초3동
간이운동장,방배어울림,서초3동
간이운동장,방화신동아,공항동
간이운동장,배드민턴장,남가좌제1동
간이운동장,법원밑쉼터,아현동
간이운동장,본마을공원,내곡동
간이운동장,분토골공원,서초1동
간이운동장,불암산공원,중계본동
간이운동장,불암산공원,중계본동
간이운동장,불암산공원,중계본동
간이운동장,불암산공원,중계본동
간이운동장,불암산공원,중계본동
간이운동장,불암산공원,중계본동
간이운동장,불암산공원,중계본동
간이운동장,사도감공원,서초1동
간이운동장,사평리공원,잠원동
간이운동장,삼풍아파트,서초1동
간이운동장,삼호아파트,서초3동
간이운동장,상명달공원,서초1동
간이운동장,새쟁이공원,내곡동
간이운동장,샘터구기장,고덕제1동
간이운동장,서초래미안,서초1동
체육관,선우체육관,서원동
간이운동장,수락산공원,상계1동
간이운동장,수락산공원,상계1동
간이운동장,수락산공원,상계1동
간이운동장,수서오솔길,일원본동
간이운동장,순흥약수터,시흥제1동
간이운동장,쉼표소공원,세곡동
간이운동장,식유촌공원,양재1동
간이운동장,싸리재공원,잠원동
간이운동장,아랫샘공원,내곡동
간이운동장,언구비공원,반포본동
간이운동장,요셉의집앞,방학제1동
간이운동장,용강소공원,용강동
야구장,잠실야구장,잠실본동
간이운동장,하명달공원,서초1동
간이운동장,한마음공원,혜화동
간이운동장,한화아파트,서초3동
간이운동장,해맞이동산,청운효자동
간이운동장,현대슈퍼빌,서초1동
간이운동장,현대아파트,서초1동
간이운동장,현대아파트,서초1동
간이운동장,현석소공원,신수동
간이운동장,호암체련단,시흥제1동
기타시설,홍제농구장,홍제제1동
축구장,효창운동장,효창동
간이운동장,후암약수터,후암동
간이운동장,세양청마루 옆,대흥동
간이운동장,양재시민의 숲,양재1동
간이운동장,망원유수지 옆 체육시설,망원제1동
간이운동장,망원유수지 위 체육시설,망원제1동
간이운동장,쌍용아파트 앞_북단,대치1동
간이운동장,간이운동장 테스트,방이1동
간이운동장,경복아파트 소공원,논현1동
간이운동장,양재초교앞 농구장,양재1동
간이운동장,자양유수지 산책로,자양제1동
간이운동장,망원유수지 체육시설,망원제1동
간이운동장,연가교우안 하류상단 간이운동장,남가좌제1동
간이운동장,연가교우안 하류하단 간이운동장,남가좌제1동
간이운동장,만리배수지 게이트볼장,아현동
간이운동장,중랑천제방 도봉구청앞,방학제1동
간이운동장,오류고가하 부게이트볼장,오류1동
간이운동장,구일역하부 인라인스케이트장,구로제1동
간이운동장,오금교하부 인라인스케이트장,신도림동
간이운동장,간이운동장(음식물처리장),도봉제1동
간이운동장,가양동신대아,염창동
간이운동장,갈현근린공원,진관동
테니스장,강동테니스장,강일동
간이운동장,개포근린공원,개포1동
간이운동장,개포까치공원,개포1동
간이운동장,개포목련공원,혜화동
간이운동장,구룡근린공원,상암동
테니스장,구립테니스장,공항동
테니스장,구민테니스장,보라매동
체육관,국사봉체육관,보라매동
간이운동장,길섶근린공원,역삼1동
간이운동장,남서울약수터,시흥제1동
간이운동장,논현까치공원,종로1·2·3·4가동
간이운동장,논현목련공원,혜화동
간이운동장,논현목련공원,종로1·2·3·4가동
간이운동장,늘벗근린공원,대치1동
간이운동장,달터근린공원,개포1동
간이운동장,대진근린공원,개포1동
간이운동장,대청근린공원,개포2동
간이운동장,대치근린공원,대치1동
간이운동장,대치까치공원,대치1동
간이운동장,대치목련공원,대치1동
간이운동장,도곡근린공원,도곡1동
간이운동장,도곡까치공원,도곡1동
간이운동장,도곡까치공원,대치1동
간이운동장,도곡목련공원,도곡1동
간이운동장,도산근린공원,신사제1동
간이운동장,도성근린공원,역삼1동
간이운동장,독골근린공원,도곡1동
간이운동장,두산마을마당,서강동
간이운동장,등촌아이파크,등촌제1동
간이운동장,롯데캐슬헤론,서초3동
테니스장,마장테니스장,마장동
간이운동장,만리재소공원,공덕동
간이운동장,말뫼마을마당,독산제1동
간이운동장,매봉근린공원,도곡1동
간이운동장,명달근린공원,서초1동
간이운동장,명주근린공원,잠원동
육상경기장,목동주경기장,목1동
간이운동장,목마근린공원,목1동
간이운동장,무지개아파트,서초1동
간이운동장,반달근린공원,삼성1동
간이운동장,밤섬문화공원,신수동
간이운동장,방배근린공원,서초3동
간이운동장,방배브라운가,서초3동
간이운동장,방학사계광장,방학제1동
간이운동장,배꽃근린공원,삼성1동
간이운동장,배밭근린공원,개포1동
간이운동장,백련근린공원,응암제1동
간이운동장,벽운근린공원,상계1동
간이운동장,보은근린공원,역삼1동
간이운동장,복자기소공원,대흥동
간이운동장,봉은역사공원,삼성1동
간이운동장,불광근린공원,불광제1동
간이운동장,불로천약수터,시흥제1동
야구장,살곶이야구장,사근동
간이운동장,삼성까치공원,혜화동
간이운동장,삼성목련공원,혜화동
간이운동장,삼성체육공원,시흥제1동
간이운동장,상계근린공원,상계1동
간이운동장,상암근린공원,상암동
간이운동장,새뜰근린공원,역삼1동
간이운동장,샘터근린공원,삼성1동
간이운동장,샛터근린공원,성산제1동
간이운동장,서광등촌마을,등촌제1동
간이운동장,성산근린공원,성산제1동
간이운동장,솔밭근린공원,공릉1동
간이운동장,송운근린공원,역삼1동
테니스장,송파테니스장,송파1동
간이운동장,시호천약수터,시흥제1동
체육관,신림체육센터,서원동
간이운동장,신사근린공원,신사제1동
간이운동장,신사근린공원,신사동
간이운동장,신사목련공원,신사제1동
야구장,신월야구공원,신월1동
간이운동장,쌍문근린공원,쌍문제1동
간이운동장,쌍문근린공원,쌍문제1동
간이운동장,쌍문근린공원,방학제1동
간이운동장,쌍문근린공원,쌍문제1동
간이운동장,쌍문근린공원,쌍문제1동
간이운동장,아크로비스타,서초1동
간이운동장,암산입구공원,양재1동
간이운동장,약청수약수터,시흥제1동
간이운동장,양재근린공원,양재1동
간이운동장,양재천수영장,양재1동
간이운동장,언덕배기공원,자양제1동
간이운동장,언주근린공원,역삼1동
간이운동장,역삼문화공원,역삼1동
간이운동장,역삼장미공원,역삼1동
간이운동장,염창금호타운,염창동
간이운동장,영동근린공원,역삼1동
간이운동장,오금풋살구장,오금동
간이운동장,오동근린공원,길음제2동
테니스장,오륜테니스장,방이1동
간이운동장,온수근린공원,상계1동
간이운동장,옹달샘약수터,시흥제1동
간이운동장,와우근린공원,서강동
테니스장,우장테니스장,화곡제1동
간이운동장,원터근린공원,상계1동
간이운동장,월천근린공원,창제1동
간이운동장,은곡마을공원,세곡동
간이운동장,응봉근린공원,한남동
간이운동장,응봉근린공원,한남동
간이운동장,응봉근린공원,한남동
테니스장,응봉테니스장,응봉동
간이운동장,일원까치공원,개포2동
간이운동장,일원까치공원,개포2동
간이운동장,일원목련공원,개포2동
간이운동장,자치회관별관,홍은제1동
간이운동장,잠원근린공원,잠원동
간이운동장,잠원체육시설,잠원동
체육관,장군봉체육관,서원동
테니스장,장충테니스장,필동
간이운동장,중계근린공원,중계본동
간이운동장,진관근린공원,진관동
간이운동장,청담근린공원,청담동
간이운동장,청담목련공원,청담동
간이운동장,청룡근린공원,개포1동
체육관,청룡산체육관,보라매동
간이운동장,청수근린공원,청담동
간이운동장,충숙근린공원,하계1동
간이운동장,큰골근린공원,대치1동
간이운동장,탄천근린공원,일원본동
간이운동장,탑골생태공원,시흥제1동
간이운동장,포이근린공원,개포1동
간이운동장,학동근린공원,논현1동
간이운동장,학봉근린공원,삼성1동
간이운동장,한서마을마당,아현동
간이운동장,한솔근린공원,개포2동
간이운동장,한티근린공원,대치1동
간이운동장,해맞이약수터,청운효자동
간이운동장,홍씨마을공원,내곡동
간이운동장,화곡푸르지오,화곡제1동
간이운동장,효창근린공원,효창동
간이운동장,효창근린공원,효창동
간이운동장,효창근린공원,효창동
간이운동장,효창근린공원,효창동
간이운동장,효창근린공원,효창동
간이운동장,휴암문화공원,상암동
간이운동장,서교마을마당,서교동
간이운동장,성산마을마당,성산제1동
간이운동장,구현대아파트 뒤,시흥제1동
간이운동장,염리치안센터 옆 쉼터,아현동
간이운동장,경남아너스빌 쉼터,대흥동
기타시설,노들나루공원 족구장,노량진제1동
간이운동장,양재시민의숲 테니스장,양재1동
간이운동장,한강시민공원 반포지구,반포본동
간이운동장,한강시민공원 잠원지구,잠원동
기타시설,노들나루공원 자전거연습장,노량진제1동
간이운동장,수서택지개발(광평부근),일원본동
간이운동장,수서택지개발(대모산부근),개포2동
체육관,가양레포츠센터,염창동
기타시설,가좌다목적구장,홍은제1동
간이운동장,갈매기근린공원,신사동
간이운동장,강변힐스테이트,염창동
축구장,강북구민운동장,번1동
간이운동장,개운산근린공원,안암동
간이운동장,개포동근린공원,개포1동
간이운동장,개포서근린공원,개포1동
간이운동장,고덕게이트볼장,고덕제1동
간이운동장,고인돌근린공원,양재1동
간이운동장,관음삼성아파트,염창동
체육관,구민생활체육관,구로제1동
간이운동장,구의어린이공원,구의제1동
간이운동장,금성윗들소공원,방학제1동
간이운동장,금성윗들소공원,방학제1동
간이운동장,길마어린이공원,갈현제1동
간이운동장,김일기념체육관,종로1·2·3·4가동
골프연습장,까치산체육센터,보라매동
간이운동장,낙산배드민턴장,창신제1동
간이운동장,내곡동주민센터,내곡동
테니스장,내곡동체육시설,내곡동
간이운동장,내곡동체육시설,내곡동
간이운동장,녹번동근린공원,녹번동
간이운동장,녹번서근린공원,녹번동
간이운동장,논현개나리공원,논현1동
간이운동장,논현무궁화공원,혜화동
간이운동장,논현소나무공원,논현1동
간이운동장,늘푸른근린공원,개포2동
간이운동장,다솜어린이공원,성산제1동
간이운동장,당인동문화공원,서강동
간이운동장,대조어린이공원,대조동
간이운동장,대창어린이공원,창제1동
간이운동장,대흥어린이공원,용강동
간이운동장,독산동마을공원,독산제1동
간이운동장,동교어린이공원,서교동
체육관,동대문구체육관,답십리제1동
간이운동장,동덕어린이공원,서초3동
간이운동장,동자어린이공원,자양제1동
간이운동장,두리어린이공원,망원제1동
간이운동장,뒤뜰어린이공원,성산제1동
간이운동장,래미안퍼스티지,반포본동
간이운동장,롯데캐슬클래식,서초1동
체육관,마곡레포츠센터,가양제1동
간이운동장,마포어린이공원,도화동
간이운동장,망우저류조공원,망우본동
간이운동장,매봉산근린공원,상암동
간이운동장,모랫어린이공원,창제1동
간이운동장,모아래마을마당,가산동
빙상장,목동실내빙상장,목1동
간이운동장,무수어린이공원,도봉제1동
간이운동장,물치어린이공원,상암동
간이운동장,미화어린이공원,창제1동
간이운동장,반디어린이공원,상계1동
간이운동장,반석어린이공원,창제1동
간이운동장,반포종합운동장,반포본동
간이운동장,반포천운동시설,반포본동
간이운동장,반포힐스테이트,반포본동
간이운동장,밤골어린이공원,창제1동
간이운동장,방배래미안타워,서초3동
간이운동장,방배브라운스톤,서초3동
간이운동장,방배아크로리버,서초3동
간이운동장,방배아크로타워,서초3동
간이운동장,방학어린이공원,방학제1동
간이운동장,방화신안네트빌,공항동
간이운동장,백합어린이공원,중계본동
간이운동장,부엉이근린공원,상암동
간이운동장,사슴어린이공원,방학제1동
간이운동장,산장어린이공원,시흥제1동
간이운동장,산정배드민턴장,시흥제1동
간이운동장,삼성배드민턴장,시흥제1동
간이운동장,삼정배드민턴장,시흥제1동
간이운동장,삿갓봉근린공원,중계본동
간이운동장,상수나루소공원,서강동
간이운동장,새록어린이공원,녹번동
간이운동장,새싹어린이공원,혜화동
간이운동장,샘터어린이공원,성산제2동
간이운동장,샛별어린이공원,쌍문제1동
간이운동장,서교어린이공원,서교동
간이운동장,서래골근린공원,반포본동
간이운동장,서리풀근린공원,서초1동
간이운동장,서초트라펠리스,서초1동
간이운동장,성메어린이공원,성산제1동
간이운동장,소망어린이공원,방학제1동
간이운동장,송록어린이공원,시흥제1동
간이운동장,신록어린이공원,녹번동
간이운동장,신사개나리공원,신사제1동
간이운동장,신사무궁화공원,신사제1동
간이운동장,신원동체육시설,내곡동
간이운동장,신창어린이공원,창제1동
간이운동장,신흥어린이공원,신사제1동
간이운동장,쌍룡산근린공원,아현동
간이운동장,아래반고개공원,세곡동
간이운동장,아현초록소공원,아현동
간이운동장,압구정목련공원,신사동
간이운동장,양재우성아파트,양재1동
간이운동장,양재천근린공원,양재1동
간이운동장,양화어린이공원,합정동
간이운동장,양화진역사공원,합정동
간이운동장,역말어린이공원,역촌동
간이운동장,역삼개나리공원,역삼1동
간이운동장,역삼무궁화공원,역삼1동
간이운동장,연서어린이공원,역촌동
간이운동장,염창힐스테이트,염창동
골프연습장,오동골프연습장,번1동
간이운동장,온곡어린이공원,상계1동
간이운동장,와우어린이공원,서강동
간이운동장,용강나루소공원,용강동
간이운동장,우장산롯데캐슬,화곡제1동
간이운동장,유만어린이공원,창제1동
간이운동장,유호배드민턴장,시흥제1동
축구장,은평구립축구장,진관동
기타시설,은평인공암벽장,진관동
간이운동장,응암어린이공원,응암제1동
간이운동장,이화어린이공원,중계본동
간이운동장,자양어린이공원,자양제1동
육상경기장,잠실보조경기장,잠실본동
체육관,잠실실내체육관,잠실본동
간이운동장,잠원동주민센터,잠원동
체육관,잠원스포츠파크,잠원동
간이운동장,잠원스포프파크,잠원동
간이운동장,잣나무산림욕장,시흥제1동
간이운동장,좌월어린이공원,갈현제1동
간이운동장,중동어린이공원,성산제2동
체육관,중랑문화체육관,면목제2동
간이운동장,중앙배드미턴장,사직동
간이운동장,중앙화곡하이츠,화곡제1동
간이운동장,창골어린이공원,창제1동
간이운동장,창원어린이공원,창제1동
간이운동장,창전동마을마당,서강동
간이운동장,창전어린이공원,서강동
간이운동장,천보어린이공원,중계본동
간이운동장,초안산근린공원,월계1동
간이운동장,초안산근린공원,창제1동
간이운동장,초안산근린공원,월계1동
간이운동장,초안산근린공원,창제1동
간이운동장,초안산근린공원,창제1동
간이운동장,초안산근린공원,창제1동
간이운동장,초안산근린공원,창제1동
간이운동장,초안산근린공원,창제1동
간이운동장,큰길어린이공원,성산제1동
간이운동장,풍납배드민턴장,풍납1동
간이운동장,학여울근린공원,개포1동
간이운동장,합정어린이공원,서교동
체육관,항동생활체육관,항동
간이운동장,해태어린이공원,도봉제1동
간이운동장,현석어린이공원,신수동
전천후게이트볼장,홍제게이트볼장,홍제제1동
기타시설,홍제배드민턴장,홍제제1동
간이운동장,효봉어린이공원,시흥제1동
간이운동장,효성어린이공원,공릉1동
간이운동장,효자어린이공원,창제1동
간이운동장,휴암어린이공원,상암동
간이운동장,흑석동주민센터,흑석동
간이운동장,흥산배드민턴장,시흥제1동
간이운동장,현석동마을마당,신수동
축구장,다락원체육공원 축구장,도봉제1동
테니스장,노량진근린공원 테니스장,대방동
테니스장,다락원체육공원 테니스장,도봉제1동
전천후게이트볼장,다락원체육공원 게이트볼장,도봉제1동
테니스장,다락원체육공원 실내체육관(테니스장),도봉제1동
체육관,다락원체육공원 실내체육관(배드민턴장),도봉제1동
기타시설,노량진근린공원(대방)게이트볼장,대방동
기타시설,노량진근린공원(고구동산)농구장,흑석동
기타시설,노량진근린공원(고구동산)족구장,흑석동
기타시설,노량진근린공원(고구동산)게이트볼장,흑석동
간이운동장,갈곡리어린이공원,갈현제1동
간이운동장,갈대밭어린이공원,도봉제1동
간이운동장,개나리어린이공원,성산제2동
체육관,개웅산생활체육관,개봉제1동
골프연습장,광진구민체육센터,광장동
골프연습장,광진문화예술회관,자양제1동
체육관,구로구민체육센터,고척제1동
기타시설,노원구민체육센터,중계본동
간이운동장,다람쥐어린이공원,창제1동
간이운동장,대치은행나무공원,대치1동
간이운동장,도구머리근린공원,서초3동
간이운동장,도화소어린이공원,공덕동
간이운동장,독산동다목적광장,독산제1동
간이운동장,둥근달어린이공원,쌍문제1동
간이운동장,물방울어린이공원,창제1동
간이운동장,민들레어린이공원,상계1동
간이운동장,반포본동주민센터,반포본동
간이운동장,방배래미안아트힐,서초3동
축구장,방배배수지축구장,서초3동
간이운동장,방배본동주민센터,서초3동
간이운동장,방화동부센트레빌,공항동
간이운동장,별장길어린이공원,시흥제1동
간이운동장,복사꽃어린이공원,공덕동
간이운동장,봉산도시자연공원,구산동
간이운동장,새나라어린이공원,공릉1동
간이운동장,새누리어린이공원,상암동
간이운동장,새동네어린이공원,도봉제1동
간이운동장,새락골어린이공원,신사제1동
간이운동장,새장골어린이공원,불광제1동
간이운동장,생잇들어린이공원,방학제1동
간이운동장,서강나루문화공원,서강동
간이운동장,서일문화체육센터,서초1동
간이운동장,서초구민체육센터,반포본동
간이운동장,성황당어린이공원,성산제1동
축구장,송파구여성축구장,방이1동
간이운동장,수서은행나무공원,일원본동
테니스장,시민의숲테니스장,양재1동
체육관,신도림생활체육관,신도림동
간이운동장,신동문화체육센터,잠원동
간이운동장,신사은행나무공원,신사제1동
간이운동장,싸리고개근린공원,도곡1동
간이운동장,싸리고개마을마당,도곡1동
간이운동장,쌍둥이어린이공원,성산제1동
간이운동장,아래방죽마을공원,세곡동
간이운동장,어린이야구연습장,구로제1동
간이운동장,언남문화체육센터,양재1동
간이운동장,역삼은행나무공원,역삼1동
간이운동장,염창월드메르디앙,염창동
간이운동장,염창한화꿈에그린,염창동
간이운동장,옹달샘어린이공원,망원제1동
간이운동장,외주목어린이공원,성산제1동
간이운동장,외천주민운동시설,종로1·2·3·4가동
체육관,용산문화체육센터,원효로제1동
체육관,용산청소년수련관,이촌제1동
간이운동장,우장산힐스테이트,발산제1동
체육관,은평다목적체육관,진관동
간이운동장,은하수어린이공원,월계1동
체육관,이문체육문화센터,이문제1동
간이운동장,인라인스케이트장,신도림동
간이운동장,잔다리어린이공원,서교동
축구장,잠실어울림축구장,잠실본동
체육관,중곡문화체육센터,중곡제1동
간이운동장,중동소어린이공원,성산제2동
간이운동장,증산생활체육광장,증산동
간이운동장,진관생활체육광장,진관동
간이운동장,참다래어린이공원,응암제1동
테니스장,창동시립테니스장,창제1동
간이운동장,채송화어린이공원,상계1동
간이운동장,청담은행나무공원,청담동
간이운동장,포수동어린이공원,응암제1동
간이운동장,한마음어린이공원,망원제1동
체육관,강북웰빙스포츠센터,번1동
축구장,고척근린공원운동장,고척제1동
전천후게이트볼장,구로실내게이트볼장,구로제1동
간이운동장,느티나무어린이공원,시흥제1동
간이운동장,느티나무어린이공원,연남동
체육관,동대문구민체육센타,장안제1동
테니스장,뚝섬서울숲테니스장,성수1가제1동
체육관,마곡실내배드민턴장,가양제1동
축구장,마들근린공원축구장,상계1동
간이운동장,망원유수지체육시설,망원제1동
간이운동장,반포운동장체육센터,반포본동
간이운동장,방배배수지체육공원,서초3동
테니스장,보라매공원테니스장,신대방제1동
간이운동장,부엉바위어린이공원,상암동
간이운동장,북악산도시자연공원,성북동
간이운동장,북한산도시자연공원,녹번동
간이운동장,북한산도시자연공원,정릉제1동
수영장,사당문화회관수영장,사당제1동
간이운동장,삼성서초가든스위트,서초1동
간이운동장,서오능도시자연공원,진관동
수영장,신림체육센터수영장,서원동
간이운동장,압구정은행나무공원,신사동
간이운동장,양재근린공원축구장,양재1동
축구장,우장산인조잔디구장,화곡제1동
간이운동장,윗잔다리어린이공원,서교동
간이운동장,은행나무어린이공원,연남동
간이운동장,은행나무어린이공원,창제1동
육상경기장,잠실올림픽주경기장,잠실본동
체육관,창동실내배드민턴장,창제1동
테니스장,계남근린공원테니스장,신수동
테니스장,고척근린공원테니스장,고척제1동
체육관,관악구민종합체육센터,보라매동
수영장,마곡레포츠센터수영장,종암동
테니스장,마들근린공원테니스장,상계1동
간이운동장,삼성은행나무근린공원,삼성1동
수영장,서대문체육회관수영장,홍은제1동
체육관,서대문체육회관체육관,홍은제1동
간이운동장,아차산배수지체육공원,구의제1동
간이운동장,아카시아배드민턴상부,독산제1동
축구장,초안산근린공원축구장,월계1동
체육관,초안산실내배드민턴장,창제1동
축구장,초안산인조잔디축구장,창제1동
간이운동장,아차산배수지체육공원 인조잔디축구장,구의제1동
간이운동장,아차산배수지체육공원(다목적구장-족구),구의제1동
수영장,개운산스포츠센터수영장,종암동
수영장,광진구민체육센터수영장,광장동
수영장,광진문화예술회관수영장,자양제1동
체육관,광진문화예술회관체육관,자양제1동
수영장,구로구민체육센터수영장,고척제1동
수영장,노원구민체육센터수영장,중계본동
수영장,동작구민체육센터수영장,신대방제1동
승마장,부산경남경마공원승마장,성수1가제1동
간이운동장,부암동청사주변체육시설,부암동
축구장,서대문돌산인조잔디구장,홍은제1동
수영장,서초구민체육센터수영장,반포본동
수영장,신도림생활체육관수영장,신도림동
간이운동장,아현초등학교앞체육시설,아현동
수영장,양천구민체육센터수영장,신수동
수영장,역삼청소년수련관수영장,사당제1동
수영장,용산청소년수련관수영장,이촌제1동
수영장,은평구민체육센터수영장,진관동
수영장,중곡문화체육센터수영장,중곡제1동
수영장,창동시립체육센터수영장,창제1동
테니스장,초안산근린공원테니스장,월계1동
수영장,갈월종합사회복지관수영장,남영동
체육관,갈월종합사회복지관체육관,남영동
수영장,강북웰빙스포츠센터수영장,번1동
수영장,공항동문화체육센터수영장,공항동
수영장,궁동종합사회복지관수영장,수궁동
야구장,불암산종합스타디움야구장,공릉1동
수영장,서울여성능력개발원수영장,자양제1동
체육관,서울여성능력개발원체육관,자양제1동
수영장,성북종합레포츠타운수영장,석관동
체육관,성북종합레포츠타운체육관,석관동
테니스장,은평구민체육센터테니스장,진관동
테니스장,응봉근린공원한남테니스장,한남동
수영장,효창종합사회복지관수영장,효창동
체육관,효창종합사회복지관체육관,효창동
수영장,삼각산문화예술회관수영장(구.강북구민회관수영장),수유1동
수영장,관악구민종합체육센터수영장,보라매동
골프연습장,관악구민체육센터골프연습장,보라매동
수영장,금천구민문화체육센터수영장,독산제1동
수영장,성동구민종합체육센터수영장,성수1가제1동
축구장,아차산배수지인조잔디축구장,구의제1동
기타시설,영등포스포츠클라이밍경기장,도림동
체육관,오동근린공원실내배드민턴장,번1동
골프연습장,은평구민체육센터골프연습장,진관동
수영장,충무아트홀스포츠센터수영장,진관동
골프연습장,강남스포츠문화센터골프연습장,일원본동
수영장,강서구민올림픽체육센터수영장,등촌제1동
골프연습장,구민올림픽체육센터골프연습장,등촌제1동
골프연습장,서대문구민체육회관골프연습장,홍은제1동
축구장,손기정체육공원인조잔디축구장,중림동
테니스장,응봉근린공원한남구민테니스장,한남동
간이운동장,[01]구일역 제방위(안양교방향),구로제1동
간이운동장,[02]구일역 제방위(구일역 1번출구) 옆),구로제1동
간이운동장,[03]어린이야구연습장 옆,구로제1동
간이운동장,[04]족구장B 위쪽,구로제1동
간이운동장,[05]오금교 하부,신도림동
간이운동장,[06]안양천 제방(오금교~인라인스케이트장),신도림동
간이운동장,[07]안양천 제방(오금교~신정교),신도림동
간이운동장,[08]축구장C 그늘막 옆,신도림동
간이운동장,[09]안양천 제방(축구장C 위쪽),신도림동
간이운동장,충현1,역삼1동
간이운동장,세곡동 근린공원1,세곡동
간이운동장,우이천(우이1교~번창교),창제1동
간이운동장,가로공원 (1)_남단,대치1동
간이운동장,등촌주공 1단지,등촌제1동
간이운동장,애오개쉼터(아현제1녹지),아현동
간이운동장,대치청실아파트 소공원1,대치1동
간이운동장,마곡수명산파크 1단지,발산제1동
간이운동장,말죽거리공원배드민턴장(1),서초1동
간이운동장,근린공원1호,세곡동
간이운동장,롯데캐슬1차,잠원동
간이운동장,수변공원1호,세곡동
간이운동장,염창동아1차,염창동
간이운동장,염창현대1차,염창동
간이운동장,네이처힐1단지,양재1동
간이운동장,신반포1차,반포본동
수영장,잠실제1수영장,잠실본동
간이운동장,홍제천1체육시설,부암동
간이운동장,미도1차,반포본동
간이운동장,염창1차 더하임,염창동
간이운동장,도봉1동 마을마당,도봉제1동
간이운동장,돈암1동 마을마당,동선동
간이운동장,망원1동 체육시설,망원제1동
간이운동장,송파1동 체육시설,송파1동
간이운동장,잠실1동 체육시설,잠실본동
간이운동장,풍납1동 체육시설,풍납1동
간이운동장,호암1터널상부,시흥제1동
간이운동장,반포1동주민센터,반포본동
간이운동장,방배1동주민센터,서초3동
간이운동장,서초1동주민센터,서초1동
간이운동장,양재1동주민센터,양재1동
간이운동장,[10]동양미래대학교 앞 농구장,구로제1동
간이운동장,테스트100,영등포본동
간이운동장,벽산105동(소공원),시흥제1동
간이운동장,[11]고척교 하부(고척돔구장 앞),고척제1동
간이운동장,등촌주공 11단지,등촌제1동
간이운동장,방화11단지,공항동
간이운동장,[12]신정교사거리 하부,신도림동
간이운동장,영등1공원(영등2차1호),종로1·2·3·4가동
간이운동장,[13]우성아파트 3창 앞(제방아래),신도림동
간이운동장,[14]우성아파트 2차 앞(제방위),신도림동
간이운동장,[15]도림천 농구장 제방위,신도림동
간이운동장,[16]신도림푸르지오 2차 앞,신도림동
간이운동장,[17]대림역 하부,구로제1동
간이운동장,중랑천 주공17단지 밑,창제1동
간이운동장,중랑천 주공17단지 밑,창제1동
간이운동장,[18]구로디지털단지역 하부,구로제1동
간이운동장,[19]목감교 아래,개봉제1동
간이운동장,충현2,역삼1동
간이운동장,홍연 2교 우안 하류 간이운동장,홍은제1동
간이운동장,증산 2교 하류 간이운동장,북가좌제1동
간이운동장,우장산 롯데 2차,발산제1동
간이운동장,가로공원 (2)_남단,대치1동
간이운동장,대동황토방 2차,등촌제1동
간이운동장,말죽거리공원(2),양재1동
간이운동장,대치청실아파트 소공원2,대치1동
간이운동장,마곡수명판파크 2단지,발산제1동
간이운동장,도곡진달래2단지소공원,도곡1동
간이운동장,근린공원2호,세곡동
간이운동장,롯데캐슬2차,잠원동
간이운동장,수변공원2호,세곡동
간이운동장,마동택지2호 어린이공원,혜화동
간이운동장,네이처힐2단지,양재1동
간이운동장,반포주공2공원,반포본동
간이운동장,신반포2차,잠원동
간이운동장,신반포2차앞 체련시설,잠원동
수영장,잠실제2수영장,잠실본동
간이운동장,평창동2운동장,평창동
간이운동장,한사랑2차삼성,등촌제1동
간이운동장,수서제2근린공원,일원본동
간이운동장,홍제천2체육시설,부암동
축구장,관악제2구민운동장,서원동
간이운동장,미도2차,반포본동
간이운동장,잠실2동 체육시설,잠실본동
간이운동장,장위2동 어울쉼터,장위제1동
간이운동장,종암2동 녹지쉼터,종암동
간이운동장,종암2동 마을마당,종암동
간이운동장,풍납2동 체육시설,풍납1동
간이운동장,증산2교 좌안상류 간이운동장,북가좌제1동
간이운동장,장위2동 감나무쉼터,장위제1동
간이운동장,가양2단지 성지,염창동
간이운동장,모현2호공원,종로1·2·3·4가동
체육관,면목2동체육관,면목제2동
간이운동장,망원2동체육시설,망원제1동
간이운동장,반포2동주민센터,반포본동
간이운동장,방배2동주민센터,서초3동
간이운동장,서초2동주민센터,서초1동
간이운동장,양재2동주민센터,양재1동
간이운동장,상계2동마을숲마당,상계1동
간이운동장,창2동 소공원,창제1동
간이운동장,창2동 마을마당,창제1동
간이운동장,[20]I-PARK(109동) 앞,개봉제1동
간이운동장,방화 2-1단지,공항동
간이운동장,[21]철산2교 우측,개봉제1동
간이운동장,방화 2-2단지(그린),공항동
간이운동장,22호근린공원,서원동
간이운동장,[22]철산2교 좌측,개봉제1동
간이운동장,영등2공원(영등2차2호),종로1·2·3·4가동
간이운동장,어양2공원(영등2차5호),종로1·2·3·4가동
간이운동장,[23]개봉교하부,개봉제1동
간이운동장,영동2교~영동3교_남단,개포1동
간이운동장,영동2교~영동3교_북단,도곡1동
간이운동장,[24]인라인스케이트장 우측,개봉제1동
간이운동장,[25]인라인스케이트장 좌측(지압코스 내부),개봉제1동
간이운동장,[26]개명교 좌측,개봉제1동
간이운동장,[27]고척동 삼환로즈빌 앞 보도,고척제1동
간이운동장,[28]오류역광장,오류1동
간이운동장,[29]궁동 조광빌라 뒤,수궁동
간이운동장,홍제 3교 좌안 하류 간이운동장,홍제제1동
간이운동장,배산택지 공원(3호공원),혜화동
간이운동장,가양강변 3단지,염창동
간이운동장,등촌주공 3단지,등촌제1동
간이운동장,마곡수명산파크 3단지,발산제1동
간이운동장,코오롱오투빌3차,등촌제1동
간이운동장,근린공원3호,세곡동
간이운동장,염창동아3차,염창동
간이운동장,염창우성3차,염창동
간이운동장,네이처힐3단지,양재1동
간이운동장,신반포3차앞 체련시설,반포본동
간이운동장,홍제3교 좌안 상류 간이운동장,홍제제1동
간이운동장,방학3동 원당 마을마당,방학제1동
간이운동장,증산3교 좌안 간이운동장,북가좌제1동
간이운동장,방학3동 가로공원,방학제1동
간이운동장,방학3동 마을마당,방학제1동
간이운동장,장위3동 마을마당,장위제1동
간이운동장,정릉3동 마을마당,정릉제1동
간이운동장,영동3교_남단,개포1동
간이운동장,영등3차공원,종로1·2·3·4가동
간이운동장,반포3동주민센터,잠원동
간이운동장,방배3동주민센터,서초3동
간이운동장,서초3동주민센터,서초1동
간이운동장,홍제3교우안하류 간이운동장,홍은제1동
간이운동장,창3동 소공원,창제1동
간이운동장,창3동 마을마당,창제1동
간이운동장,영등3공원(영등2차4호),종로1·2·3·4가동
간이운동장,방배3차e편한세상,서초3동
간이운동장,마곡수명산파크 4단지,발산제1동
간이운동장,근린공원4호,세곡동
간이운동장,네이처힐4단지,양재1동
간이운동장,신반포4지구,잠원동
간이운동장,쌍문4동 마을마당,쌍문제1동
간이운동장,정릉4동 마을마당,정릉제1동
간이운동장,가양4단지,염창동
간이운동장,반포4동주민센터,반포본동
간이운동장,방배4동주민센터,서초3동
간이운동장,서초4동주민센터,서초1동
간이운동장,선릉 스포플렉스(421),대치1동
간이운동장,도곡동 426-9(로덴하우스)소공원,도곡1동
간이운동장,내곡동 46,내곡동
간이운동장,등촌주공 5단지,등촌제1동
간이운동장,마곡수명산파크 5단지,발산제1동
간이운동장,근린공원5호,세곡동
간이운동장,네이처힐5단지,양재1동
간이운동장,영동5교_북단,대치1동
간이운동장,가양5단지,염창동
간이운동장,창5동 마을마당,창제1동
간이운동장,창5동 마을마당,창제1동
수영장,50+남부캠퍼스수영장,오류2동
간이운동장,종암5-1,종암동
간이운동장,종암5-2,종암동
간이운동장,대치교~영동6교_남단,대치1동
간이운동장,역삼동개나리6차아파트 소공원,역삼1동
간이운동장,근린공원6호,세곡동
간이운동장,네이처힐6단지,양재1동
간이운동장,잠실6동 체육시설,잠실4동
간이운동장,방화6단지,공항동
간이운동장,종암6구역,종암동
간이운동장,가양주공 7단지,염창동
간이운동장,마곡수명산파크 7단지,발산제1동
간이운동장,근린공원7호,세곡동
간이운동장,잠실7동 체육시설,잠실본동
간이운동장,역삼동 716-5(SK뷰) 소공원,역삼1동
간이운동장,등촌주공 8단지,등촌제1동
간이운동장,길음8-1,길음제1동
간이운동장,길음8-2,길음제1동
간이운동장,등촌주공 9단지,등촌제1동
간이운동장,방화9단지,공항동
간이운동장,가양 9-1 단지,염창동
간이운동장,가양 9-2단지,염창동
간이운동장,배구장 A,구로제1동
간이운동장,안양천 족구장 A,구로제1동
간이운동장,안양천 A구장,구로제1동
간이운동장,농구장(A구장),구로제1동
간이운동장,중랑천제방 삼성A101동앞,방학제1동
간이운동장,중랑천 서원A 105동 밑,도봉제1동
간이운동장,우이천 태영A105 밑,창제1동
간이운동장,중랑천제방 삼성A 111동 앞,방학제1동
간이운동장,중랑천제방 서원A116동옆,도봉제1동
간이운동장,중랑천제방 현대A 206동 앞,방학제1동
간이운동장,안양천 족구장 B,구로제1동
간이운동장,안양천 B구장,구로제1동
간이운동장,안양천 족구장 C,구로제1동
간이운동장,안양천 C구장,신도림동
간이운동장,농구장(C구장),신도림동
간이운동장,안양천 족구장 D,신수동
간이운동장,등촌대림e편한세상,등촌제1동
간이운동장,서을교대e편한세상,서초1동
간이운동장,서리풀e편항세상,서초3동
간이운동장,방배e편한세상,서초3동
간이운동장,현대ESA,서초1동
간이운동장,ESA2차,서초1동
간이운동장,KT앞 둔치,양재1동
간이운동장,SK뷰,반포본동
어린이공원,학동공원,논현1동
어린이공원,신사은행나무공원,신사제1동
어린이공원,신사목련공원,신사동
어린이공원,신사개나리공원,신사제1동
어린이공원,압구정목련공원,신사동
어린이공원,압구정은행나무공원,신사동
어린이공원,삼성목련공원,청담동
어린이공원,삼성까치공원,삼성1동
어린이공원,청담은행나무공원,청담동
어린이공원,청담목련공원,청담동
어린이공원,도곡까치공원,도곡1동
어린이공원,역삼장미공원,역삼1동
어린이공원,역삼까치공원,서초1동
어린이공원,역삼무궁화공원,역삼1동
어린이공원,역삼개나리공원,역삼1동
어린이공원,역삼소나무공원,서초1동
어린이공원,대치목련공원,대치1동
어린이공원,대치까치공원,대치1동
어린이공원,대치은행나무공원,대치1동
어린이공원,개포까치공원,개포1동
어린이공원,개포공원,개포1동
어린이공원,개포개나리공원,개포1동
어린이공원,개포은행나무공원,개포1동
어린이공원,개포목련공원,양재1동
어린이공원,일원은행나무공원,대치1동
근린공원,길섶근린공원,역삼1동
근린공원,매봉근린공원,도곡1동
근린공원,봉은근린공원,역삼1동
근린공원,배꽃근린공원,논현1동
근린공원,샘터근린공원,삼성1동
근린공원,새뜰근린공원,역삼1동
근린공원,수서택지개발(광평부근),일원본동
근린공원,세곡공원,세곡동
근린공원,광평공원,개포2동
근린공원,압구정 428,신사동
역사공원,봉은역사공원,삼성1동
문화공원,역삼문화공원,역삼1동
소공원,다솜소공원,역삼1동
소공원,도곡단비소공원,도곡1동
소공원,도곡동 426-9(로덴하우스)소공원,도곡1동
소공원,역삼나들이소공원,역삼1동
어린이공원,논현까치공원,반포본동
어린이공원,논현목련공원,잠원동
어린이공원,논현은행나무공원,잠원동
어린이공원,논현개나리공원,논현1동
어린이공원,논현무궁화공원,반포본동
어린이공원,논현소나무공원,논현1동
근린공원,대청근린공원,개포2동
근린공원,늘푸른근린공원,개포2동
근린공원,개포서근린공원,개포1동
근린공원,개포동근린공원,대치1동
근린공원,대치근린공원,대치1동
근린공원,늘벗근린공원,도곡1동
근린공원,독골근린공원,도곡1동
근린공원,포이근린공원,양재1동
근린공원,청룡근린공원,도곡1동
근린공원,배밭근린공원,도곡1동
근린공원,학여울근린공원,대치1동
근린공원,청수근린공원,청담동
근린공원,청담근린공원,논현1동
근린공원,한티근린공원,대치1동
근린공원,개포근린공원,개포1동
근린공원,달터근린공원,도곡1동
근린공원,대진근린공원,개포1동
근린공원,한솔근린공원,개포1동
근린공원,학동근린공원,논현1동
근린공원,삼성은행나무근린공원,논현1동
근린공원,갈매기근린공원,신사동
근린공원,도성근린공원,역삼1동
근린공원,송운근린공원,역삼1동
근린공원,언주근린공원,역삼1동
근린공원,도산근린공원,신사제1동
어린이공원,일원개나리공원,개포1동
어린이공원,일원느티나무공원,개포1동
어린이공원,일원소나무공원,개포1동
어린이공원,일원진달래공원,개포1동
어린이공원,수서은행나무공원,일원본동
어린이공원,수서목련공원,일원본동
어린이공원,수서개나리공원,일원본동
어린이공원,아래반고개공원,세곡동
어린이공원,윗반고개공원,세곡동
어린이공원,못골공원,세곡동
어린이공원,윗방죽마을공원,세곡동
어린이공원,세곡천공원,세곡동
어린이공원,대왕공원,세곡동
근린공원,근린공원1호,세곡동
근린공원,근린공원3호,세곡동
근린공원,근린공원4호,세곡동
근린공원,근린공원5호,세곡동
근린공원,근린공원6호,세곡동
근린공원,근린공원7호,세곡동
수변공원,수변공원1호,세곡동
수변공원,수변공원2호,세곡동
소공원,쉼표소공원,세곡동
어린이공원,일원목련공원,개포2동
어린이공원,궁마을공원,일원본동
어린이공원,예지공원,대치1동
어린이공원,한마음공원,대치1동
어린이공원,일원장미공원,개포1동
근린공원,명일공원,강일동
근린공원,신사근린공원,신사동
어린이공원,명우공원,명일제1동
어린이공원,혜림공원,천호제1동
어린이공원,성안공원,성내제1동
어린이공원,선린공원,성내제1동
어린이공원,보람공원,성내제1동
어린이공원,안말공원,성내제1동
어린이공원,방  죽,망우본동
근린공원,샘터공원,고덕제1동
근린공원,방죽공원,고덕제1동
근린공원,동명공원,고덕제1동
근린공원,상일공원,강일동
어린이공원,방아다리공원,명일제1동
어린이공원,둔촌공원,둔촌제1동
소공원,암사동공원,암사제1동
근린공원,솜다래공원,암사제1동
어린이공원,천일공원,천호제1동
어린이공원,당말공원,천호제1동
어린이공원,다솜공원,강일동
어린이공원,꽃보라공원,강일동
어린이공원,윤슬공원,강일동
어린이공원,꿈터공원,강일동
어린이공원,나루공원,천호제1동
근린공원,강일공원,강일동
근린공원,벌말공원,강일동
어린이공원,암사공원,암사제1동
근린공원,강덕공원,강일동
근린공원,능골공원,강일동
어린이공원,구름공원,강일동
어린이공원,고명공원,명일제1동
근린공원,일자산공원,둔촌제1동
근린공원,원터공원,명일제1동
근린공원,송림공원,고덕제1동
근린공원,까치공원,고덕제1동
근린공원,두레공원,고덕제1동
근린공원,동자공원,고덕제1동
어린이공원,샛별공원,성내제1동
어린이공원,달님공원,길동
어린이공원,무궁화공원,길동
어린이공원,희망공원,길동
어린이공원,성심공원,길동
어린이공원,샘물공원,명일제1동
어린이공원,염주골공원,명일제1동
어린이공원,성내천공원,성내제1동
어린이공원,새장터공원,암사제1동
어린이공원,광나루공원,암사제1동
어린이공원,볕우물공원,암사제1동
어린이공원,구암공원,암사제1동
어린이공원,선사공원,암사제1동
근린공원,신내어울공원,신내1동
역사공원,방이동고분,방이1동
역사공원,백제초기적석총,석촌동
기타,성내천,오금동
기타,올림픽공원,방이1동
기타,탄천,삼전동
어린이공원,두레어린이공원,마천1동
어린이공원,종달새,화곡제1동
어린이공원,벽오산,삼양동
어린이공원,미아도심소,삼양동
어린이공원,오 패,삼양동
어린이공원,한 빛,삼양동
어린이공원,운 산,삼양동
어린이공원,솔 샘,삼양동
어린이공원,으 뜸,삼양동
어린이공원,세 일,삼양동
어린이공원,응달마을,삼양동
소공원,미래,삼양동
소공원,폭포,삼양동
소공원,꼭지,삼양동
어린이공원,테두리,삼양동
어린이공원,고갯마루,삼양동
어린이공원,미 아,삼양동
소공원,강북6구역,삼양동
어린이공원,번 남,번1동
어린이공원,논 골,번1동
어린이공원,샛 강,번1동
근린공원,오동근린공원,번1동
어린이공원,청 암,삼양동
어린이공원,흰구름,수유1동
어린이공원,희 망,수유1동
어린이공원,은모루,수유1동
어린이공원,소 귀,수유1동
어린이공원,상산,수유1동
소공원,흰구름,수유1동
어린이공원,보등골,수유1동
어린이공원,수유일공원,수유1동
어린이공원,푸 른,수유1동
어린이공원,무너미,수유1동
어린이공원,빨래골,수유1동
어린이공원,장미원,수유1동
근린공원,솔밭근린공원,우이동
어린이공원,버들,화곡제1동
어린이공원,오 현,번1동
어린이공원,능골,화곡제1동
어린이공원,코끼리,등촌제1동
어린이공원,구름,화곡제1동
어린이공원,볏골,화곡제1동
어린이공원,노을,화곡제1동
어린이공원,까치산,화곡제1동
어린이공원,비둘기,화곡제1동
어린이공원,큰별,화곡제1동
어린이공원,꿈돌이,화곡제1동
어린이공원,소나무,화곡제1동
어린이공원,산새,화곡제1동
어린이공원,박장,화곡제1동
어린이공원,참새,화곡제1동
어린이공원,한글,화곡제1동
어린이공원,효심,화곡제1동
어린이공원,필마,화곡제1동
어린이공원,다운,화곡제1동
어린이공원,호돌이,화곡제1동
어린이공원,곰돌이,화곡제1동
어린이공원,골말,화곡제1동
어린이공원,뜸부기,화곡제1동
어린이공원,하마터,화곡제1동
어린이공원,바탕골,화곡제1동
어린이공원,미리내,화곡제1동
어린이공원,수명산,화곡제1동
어린이공원,대원,화곡제1동
어린이공원,천사,화곡제1동
어린이공원,두레,화곡제1동
어린이공원,달빛,화곡제1동
어린이공원,무지개,화곡제1동
어린이공원,새벗,등촌제1동
근린공원,구암,염창동
근린공원,황금내,염창동
근린공원,원당,등촌제1동
근린공원,등촌,등촌제1동
근린공원,서낭당,등촌제1동
근린공원,방화,공항동
근린공원,옹기골,공항동
근린공원,매화,등촌제1동
근린공원,까치산,화곡제1동
근린공원,수명산,발산제1동
근린공원,발산,발산제1동
근린공원,서울식물원,가양제1동
근린공원,마곡나루,공항동
근린공원,마곡하늬,공항동
어린이공원,이수,염창동
어린이공원,백합,염창동
어린이공원,아리수,염창동
어린이공원,등서,등촌제1동
어린이공원,백석,등촌제1동
어린이공원,등마루,등촌제1동
어린이공원,도림,등촌제1동
어린이공원,능안,등촌제1동
어린이공원,한마음,등촌제1동
어린이공원,새나라,등촌제1동
어린이공원,백합,등촌제1동
어린이공원,채송화,등촌제1동
어린이공원,푸르매,등촌제1동
근린공원,신천어린이교통,잠실4동
근린공원,우장,화곡제1동
근린공원,궁산,염창동
근린공원,염창,염창동
근린공원,꿩고개,공항동
근린공원,봉제산,화곡제1동
근린공원,등마루,화곡제1동
근린공원,공암나루,염창동
어린이공원,모슬,거여1동
어린이공원,몽촌,방이1동
어린이공원,무궁화,가락본동
어린이공원,문현,문정2동
어린이공원,반딧불,문정1동
어린이공원,방잇골,방이1동
어린이공원,방죽,가락본동
근린공원,효창공원,효창동
어린이공원,새나라어린이공원,후암동
어린이공원,늘푸른어린이공원,원효로제2동
어린이공원,청파어린이공원,청파동
어린이공원,동자어린이공원,남영동
어린이공원,이태원어린이공원,이태원제1동
어린이공원,새꿈어린이공원,남영동
어린이공원,돌모루어린이공원,청파동
역사공원,신계공원,원효로제1동
어린이공원,소월길어린이공원,이태원제1동
소공원,꿈나무공원,이촌제1동
어린이공원,새싹어린이공원,이촌제1동
어린이공원,삼각지어린이공원,한강로동
근린공원,응봉공원,한남동
근린공원,동빙고공원,서빙고동
어린이공원,두텁바위어린이공원,남영동
어린이공원,효창어린이공원,효창동
소공원,이촌공원,이촌제1동
소공원,새푸리공원,이촌제1동
어린이공원,도원어린이공원,용문동
소공원,강변공원,이촌제1동
어린이공원,솔밭어린이공원,한강로동
어린이공원,신창동어린이공원,원효로제2동
근린공원,서빙고공원,한강로동
근린공원,기와터공원,한강로동
어린이공원,문배어린이공원,원효로제1동
소공원,거여6(거마재정비),마천1동
소공원,문정동136 소공원,문정1동
소공원,잠실주공5단지 소공원,잠실본동
근린공원,송례(위례 근린공원8호),문정2동
어린이공원,훙이,가락본동
소공원,늘푸른,마천1동
소공원,평화,방이1동
수변공원,오금지구 수변공원,오금동
기타,돌무데기놀이터,마천1동
기타,풍납타이어,풍납1동
근린공원,가락1(시영아파트),가락본동
근린공원,문이,문정1동
근린공원,위례 근린공원1호,거여1동
근린공원,위례 근린공원3호,거여1동
근린공원,잠실주공5단지 근린공원,잠실본동
근린공원,향유(거마재정비),거여1동
어린이공원,가락1(시영아파트),가락본동
어린이공원,문정동136 어린이공원,문정1동
어린이공원,잠실진주,잠실4동
어린이공원,장미아파트1호,잠실4동
어린이공원,장미아파트2호,잠실4동
소공원,거여2(거마재정비),마천1동
소공원,거여3(거마재정비),마천1동
소공원,거여4(거마재정비),마천1동
소공원,거여5(거마재정비),마천1동
어린이공원,한샘,문정1동
어린이공원,향나무,거여1동
어린이공원,새록어린이공원,불광제1동
어린이공원,응암어린이공원,대조동
소공원,후창공원,평창동
소공원,서린공원,종로1·2·3·4가동
소공원,덕수공원,사직동
역사공원,경희궁공원,사직동
역사공원,동묘공원,숭인제1동
문화공원,마로니에공원,이화동
근린공원,삼청공원,삼청동
근린공원,와룡공원,혜화동
근린공원,숭인공원,숭인제1동
소공원,평창공원,평창동
근린공원,흥인지문공원,종로5·6가동
근린공원,수송공원,종로1·2·3·4가동
어린이공원,지봉골공원,창신제1동
근린공원,인왕산공원,청운효자동
근린공원,북한산공원,평창동
소공원,달바위공원,교남동
소공원,솔빛공원,교남동
소공원,소담공원,교남동
소공원,부암튼튼공원,부암동
소공원,의주공원,무악동
어린이공원,창신공원,창신제1동
어린이공원,무악공원,무악동
근린공원,창덕공원,종로1·2·3·4가동
근린공원,청진공원,종로1·2·3·4가동
어린이공원,낙산공원,창신제1동
어린이공원,참샘골공원,평창동
어린이공원,감나무골공원,평창동
어린이공원,옥인공원,청운효자동
어린이공원,명륜공원,혜화동
어린이공원,새마을공원,평창동
어린이공원,인왕공원,무악동
근린공원,원서공원,가회동
근린공원,탑골공원,종로1·2·3·4가동
어린이공원,연지1공원,종로5·6가동
근린공원,연지공원,종로5·6가동
근린공원,내수어울공원,사직동
근린공원,내수공원,사직동
근린공원,사직공원,사직동
근린공원,월암공원,교남동
어린이공원,경학공원,혜화동
역사공원,양화진역사공원,합정동
문화공원,홍익문화공원,서교동
근린공원,공릉동,공릉1동
소공원,만리재소공원,공덕동
소공원,단풍소공원,아현동
소공원,아현새싹소공원,아현동
소공원,아현초록소공원,아현동
소공원,용강나루소공원,용강동
소공원,용강소공원,용강동
소공원,대흥소공원,용강동
소공원,복자기소공원,대흥동
소공원,상수나루소공원,서강동
소공원,상수소공원,서강동
소공원,산사나무소공원,상암동
소공원,현석소공원,신수동
소공원,노고산소공원,대흥동
소공원,무쇠막소공원,대흥동
문화공원,밤섬문화공원,신수동
문화공원,서강나루문화공원,서강동
문화공원,당인동문화공원,서강동
문화공원,가온문화공원,상암동
문화공원,DMC문화공원,상암동
문화공원,물빛문화공원,상암동
문화공원,휴암문화공원,상암동
묘지공원,외국인묘지공원,합정동
어린이공원,동화공원,신당동
어린이공원,순화어린이공원,소공동
소공원,저동1공원,명동
소공원,저동2공원,명동
소공원,쌍림동공원,광희동
소공원,무교1공원,명동
소공원,무교2공원,명동
소공원,경찰기념공원,소공동
소공원,진달래공원,소공동
소공원,만리2구역1공원,중림동
소공원,만리2구역2공원,중림동
소공원,다동공원,명동
소공원,서소문제5지구공원,소공동
체육공원,손기정공원,중림동
역사공원,서소문공원,중림동
역사공원,한빛미디어파크,명동
문화공원,순화문화공원,소공동
문화공원,명동문화공원,명동
어린이공원,쌍룡산어린이공원,아현동
어린이공원,토정어린이공원,용강동
어린이공원,애오개어린이공원,아현동
어린이공원,망원어린이공원,망원제1동
어린이공원,광흥창어린이공원,서강동
어린이공원,신수어린이공원,대흥동
소공원,공덕소공원,아현동
근린공원,정동공원,소공동
근린공원,훈련원공원,광희동
근린공원,무학봉공원,신당동
어린이공원,묵정공원,필동
어린이공원,쌍림공원,광희동
어린이공원,황학공원,황학동
어린이공원,배재공원,소공동
어린이공원,충현공원,신당동
어린이공원,다산공원,신당동
어린이공원,저동공원,명동
어린이공원,꿈누리공원,신당동
어린이공원,마장,목1동
어린이공원,정목,목1동
근린공원,신내공원,신내1동
기타공원,오손길마을마당,신사제1동
기타공원,평화공원,녹번동
기타공원,물빛공원,불광제1동
기타공원,신사마을마당,신사제1동
기타공원,대조마을마당,진관동
기타공원,자투리(녹번)마을마당,역촌동
기타공원,자투리(신사)마을마당,불광제1동
기타공원,불광동마을마당,불광제1동
기타공원,역촌동마을마당,불광제1동
기타공원,갈현동마을마당,불광제1동
기타공원,신사2동마을마당,불광제1동
기타공원,역촌2동마을마당,불광제1동
기타공원,응암1동마을마당,진관동
기타공원,불광3동마을숲마을마당,응암제1동
기타공원,대조동청사옆마을마당,진관동
기타공원,연천초교앞마을마당,녹번동
기타공원,구산동마을공원,응암제1동
기타공원,도원극장옆마을마당,녹번동
기타공원,응암3동마을마당,녹번동
기타공원,구현초교 앞마을마당,불광제1동
기타공원,녹번동마을마당,구산동
기타공원,연신초교옆마을마당,대조동
기타공원,구산동청사앞소공원,응암제1동
기타공원,구산동마을공원확대,구산동
기타공원,구산초교앞마을마당,응암제1동
기타공원,팜스퀘어 소공원,신사제1동
기타공원,신사2동 공공공지,신사제1동
근린공원,녹번동,녹번동
근린공원,거 북 골,응암제1동
근린공원,구  산,응암제1동
근린공원,상림,구산동
근린공원,못자리골,응암제1동
근린공원,덕수천,구산동
근린공원,마고정,구산동
근린공원,우물골,진관동
근린공원,신도,응암제1동
근린공원,마실길,진관동
소공원,역촌동소공원,구산동
소공원,거북이소공원,구산동
소공원,요  산소공원,응암제1동
소공원,응암9구역소공원,대조동
소공원,불광3구역소공원,진관동
소공원,불광6구역소공원,진관동
소공원,불광7구역소공원,진관동
소공원,응암3주택 재개발구역내소공원,진관동
소공원,폭포동소공원,진관동
소공원,잿말소공원,진관동
소공원,한옥마을소공원,진관동
소공원,신사동(새절)소공원,진관동
소공원,녹번1-2지구 주택재개발정비구역내소공원,진관동
주제공원,금암문화공원 (은평뉴타운제1호문화공원),불광제1동
주제공원,제각말문화공원 (은평뉴타운제2호 문화공원),불광제1동
소공원,흑석,흑석동
기타공원,불광위령탑마을마당,불광제1동
기타공원,구산마을마당,신사제1동
어린이공원,가람어린이공원,증산동
어린이공원,신흥어린이공원,녹번동
어린이공원,아까시아어린이공원,홍은제1동
어린이공원,개나리어린이공원,신사제1동
어린이공원,응암4동어린이공원,녹번동
어린이공원,불광어린이공원,녹번동
어린이공원,응암9어린이공원,녹번동
어린이공원,다래어린이공원,신사제1동
어린이공원,연신어린이공원,신사제1동
어린이공원,양천리누리터 어린이공원,진관동
어린이공원,응암3재건축구역내 어린이공원,응암제1동
어린이공원,응암10재개발구역내 어린이공원,불광제1동
어린이공원,응암1구역어린이공원,불광제1동
근린공원,북한산,녹번동
근린공원,봉산,수색동
근린공원,서오능,진관동
근린공원,불  광,갈현제1동
근린공원,백  련,역촌동
근린공원,진  관,불광제1동
근린공원,향   림,진관동
근린공원,신  사,역촌동
근린공원,물 푸 레,진관동
근린공원,기 자 촌,불광제1동
근린공원,녹번서,대조동
어린이공원,신록어린이공원,갈현제1동
어린이공원,참다래어린이공원,갈현제1동
어린이공원,포수동어린이공원,갈현제1동
어린이공원,시루메어린이공원,녹번동
어린이공원,연서어린이공원,녹번동
어린이공원,역마을어린이공원,응암제1동
어린이공원,역말어린이공원,응암제1동
어린이공원,인조유기비어린이공원,응암제1동
어린이공원,대조어린이공원,역촌동
어린이공원,길마어린이공원,역촌동
어린이공원,궁말어린이공원,역촌동
어린이공원,박석어린이공원,갈현제1동
어린이공원,좌월어린이공원,신사제1동
어린이공원,갈곡리어린이공원,신사제1동
어린이공원,새락골어린이공원,증산동
어린이공원,호연어린이공원,역촌동
어린이공원,분토골어린이공원,갈현제1동
어린이공원,서갈현어린이공원,응암제1동
어린이공원,새장골어린이공원,구산동
어린이공원,시내어린이공원,구산동
어린이공원,관동어린이공원,갈현제1동
어린이공원,꿈나무,상도제1동
소공원,빙수골,상도제1동
소공원,국화원,상도제1동
소공원,흐리목,상도제1동
어린이공원,까망돌,흑석동
어린이공원,해밀,사당제1동
소공원,영도,상도제1동
소공원,나비,상도제1동
소공원,꽃담길,상도제1동
소공원,칸나,신대방제1동
어린이공원,꿈나래,상도제1동
소공원,새빛,사당제1동
소공원,까막골,흑석동
어린이공원,비둘기,상도제1동
어린이공원,해님,상도제1동
어린이공원,별님,상도제1동
근린공원,삼일,사당제1동
어린이공원,까치,사당제1동
근린공원,까치산,흑석동
어린이공원,은하수,신대방제1동
어린이공원,장미,상도제1동
어린이공원,노루,사당제1동
어린이공원,새싹,사당제1동
어린이공원,꿈돌이,사당제1동
어린이공원,동산,사당제1동
어린이공원,토끼,사당제1동
어린이공원,참새,대방동
어린이공원,양지,사당제1동
어린이공원,새벽,상도제1동
어린이공원,옹달샘,상도제1동
근린공원,동작주차,사당제2동
어린이공원,샛별,사당제1동
어린이공원,반달,사당제1동
어린이공원,늘푸른,사당제1동
어린이공원,본동,노량진제1동
어린이공원,개나리,사당제1동
어린이공원,청명,신대방제1동
어린이공원,해당화,신대방제1동
소공원,비계,흑석동
어린이공원,태양,상도제1동
소공원,서달,흑석동
어린이공원,희망,사당제2동
소공원,남성,사당제1동
소공원,충효,노량진제1동
어린이공원,제비,대방동
근린공원,상도,상도제1동
근린공원,노량진,노량진제1동
근린공원,용봉정,노량진제1동
근린공원,현충,사당제1동
역사공원,사육신,노량진제1동
어린이공원,꿈동산,상도제1동
어린이공원,음골,신수동
어린이공원,동개울,신수동
어린이공원,홍익,신수동
어린이공원,진주,신수동
어린이공원,꿈동산,신수동
어린이공원,다람쥐,신수동
어린이공원,까치,신수동
어린이공원,꿈나래,신수동
어린이공원,기린,신수동
어린이공원,사슴,신수동
어린이공원,목련,신수동
어린이공원,호돌이,신수동
어린이공원,세양,신수동
소공원,신월2동소공원,신월1동
소공원,신정3동소공원,신수동
어린이공원,목동누리,목1동
도시농업공원,온수도시자연공원,신수동
근린공원,오목,목1동
근린공원,용왕산,목1동
근린공원,목동,목1동
근린공원,달마을,목1동
근린공원,파리,목1동
근린공원,목마,목1동
근린공원,곰달래,신월1동
근린공원,양지,신월1동
근린공원,한울,신월1동
근린공원,오솔길,신월1동
근린공원,독서,신월1동
근린공원,양천,신수동
근린공원,신트리,신수동
근린공원,신월,신월1동
근린공원,계남,신수동
근린공원,넘은들,신수동
근린공원,연의,신수동
근린공원,갈산,신수동
어린이공원,무지개,목1동
어린이공원,무궁화,목1동
어린이공원,한두,목1동
어린이공원,백석,목1동
어린이공원,오구,신수동
어린이공원,앞산,신수동
어린이공원,방아다리,신월1동
어린이공원,송죽,신월1동
어린이공원,강신,신월1동
어린이공원,강월,신월1동
어린이공원,아동,신월1동
어린이공원,금실,신월1동
어린이공원,해태,신수동
어린이공원,양명,신수동
어린이공원,꽃사과,신수동
어린이공원,개나리,신수동
어린이공원,꿈나무,신수동
어린이공원,단지,신수동
어린이공원,신세계,신수동
어린이공원,신정,신수동
어린이공원,꽃사슴,신수동
어린이공원,신기,신수동
어린이공원,푸른,신수동
어린이공원,신이,신수동
어린이공원,학마을,신수동
어린이공원,넓은들,신수동
어린이공원,하늘마루,신수동
어린이공원,숲속,신수동
어린이공원,은행정,신수동
어린이공원,새뚝,신수동
어린이공원,안산,신수동
어린이공원,아랫말,신수동
어린이공원,나말,목1동
어린이공원,영도,목1동
어린이공원,진달래,목1동
어린이공원,은하수,목1동
어린이공원,장미,목1동
어린이공원,햇님,목1동
어린이공원,별님,목1동
어린이공원,달님,목1동
어린이공원,신월,신월1동
어린이공원,곰달래,신월1동
어린이공원,반곡,신월1동
어린이공원,돌다리,신월1동
어린이공원,신대,신월1동
어린이공원,신곡,신월1동
어린이공원,신장,신월1동
어린이공원,꽃동산,신월1동
어린이공원,경인,신월1동
어린이공원,남부,신월1동
어린이공원,모세미,목1동
어린이공원,문화,신월1동
어린이공원,꿀벌,신월1동
어린이공원,태양,신월1동
어린이공원,남도,신월1동
어린이공원,당곡,신월1동
어린이공원,신오,신월1동
어린이공원,당뒤,신월1동
근린공원,봉화산근린공원,묵제1동
어린이공원,동자공원,강일동
어린이공원,게내공원,강일동
어린이공원,까치공원,강일동
어린이공원,하늬공원,강일동
어린이공원,파랑새공원,명일제1동
어린이공원,은하수공원,명일제1동
어린이공원,진달래공원,명일제1동
근린공원,배봉산,전농제1동
어린이공원,보림,휘경제1동
역사공원,선농단,제기동
어린이공원,우산각,용신동
어린이공원,안골,장안제1동
어린이공원,늘봄,장안제1동
어린이공원,쉼터,답십리제1동
근린공원,장안,장안제1동
근린공원,장평,장안제1동
어린이공원,미나리,장안제1동
어린이공원,샛별,장안제1동
어린이공원,천장,이문제1동
근린공원,홍릉,청량리동
근린공원,답십리,답십리제1동
어린이공원,투구봉,가락본동
어린이공원,팔각정,가락본동
어린이공원,오봉산,석촌동
어린이공원,용마,마천1동
어린이공원,윗바람,풍납1동
어린이공원,임금샘,방이1동
어린이공원,잔버들,거여1동
어린이공원,중대,송파1동
어린이공원,진달래,잠실본동
어린이공원,천상,마천1동
어린이공원,초록,마천1동
어린이공원,큰바위,거여1동
근린공원,골마을,하계1동
어린이공원,수정,문정1동
어린이공원,아랫말,오금동
어린이공원,아랫바람,풍납1동
어린이공원,아름,석촌동
어린이공원,안골,오금동
어린이공원,안산골,가락본동
어린이공원,어사,송파1동
어린이공원,영풍,거여1동
어린이공원,옛동산,방이1동
어린이공원,오동나무,오금동
어린이공원,햇 님,서초3동
어린이공원,소라,서초3동
어린이공원,원지,내곡동
소공원,언남,내곡동
소공원,느티나무,내곡동
소공원,오솔길,반포본동
소공원,큰마을,양재1동
소공원,솔말,양재1동
소공원,달님,서초3동
수변공원,우면,양재1동
체육공원,서초종합체육공원,양재2동
어린이공원,우면생태놀이터,양재1동
어린이공원,나  리,반포본동
어린이공원,만  남,반포본동
어린이공원,푸  른,반포본동
어린이공원,초  롱,반포본동
어린이공원,한  수,상도제1동
어린이공원,파랑새,반포본동
어린이공원,반  원,잠원동
어린이공원,장  미,필동
어린이공원,비  석,양재1동
어린이공원,구  룡,양재1동
어린이공원,교  대,서초1동
어린이공원,코  아,잠원동
어린이공원,미  도,반포본동
어린이공원,개  뜰,양재1동
어린이공원,버  들,양재1동
어린이공원,샛  별,양재1동
어린이공원,두둑재,양재1동
어린이공원,횃  불,양재1동
어린이공원,용  말,양재1동
어린이공원,새  터,잠원동
어린이공원,늘푸른,잠원동
어린이공원,아  름,잠원동
어린이공원,바우뫼,양재1동
어린이공원,동  문,양재1동
어린이공원,효  자,양재1동
어린이공원,능안,내곡동
어린이공원,효령,서초3동
어린이공원,새싹,서초1동
어린이공원,섶다리,양재1동
어린이공원,샛말,양재1동
어린이공원,상명달,서초1동
어린이공원,궁  현,서초1동
어린이공원,하명달,서초1동
어린이공원,당  골,서초1동
어린이공원,고무래,잠원동
어린이공원,싸리재,잠원동
어린이공원,주  흥,잠원동
어린이공원,언구비,반포본동
어린이공원,청  룡,반포본동
어린이공원,서  래,대치1동
어린이공원,종  열,양재1동
어린이공원,암산,양재1동
어린이공원,성형촌,양재1동
어린이공원,식유촌,양재1동
어린이공원,송동,내곡동
어린이공원,세원,내곡동
어린이공원,본마을,내곡동
어린이공원,원터,양재2동
어린이공원,청계숲,내곡동
어린이공원,새쟁이,내곡동
어린이공원,염곡,내곡동
어린이공원,안골,내곡동
어린이공원,홍씨마을,내곡동
어린이공원,아랫샘,내곡동
어린이공원,윗샘,내곡동
어린이공원,남태령,서초3동
어린이공원,양  재,양재1동
어린이공원,동  산,양재1동
어린이공원,잔  디,양재1동
어린이공원,게  리,양재1동
근린공원,바우뫼,양재1동
근린공원,서리풀,서초3동
근린공원,서래골,반포본동
근린공원,명주,잠원동
근린공원,반딧불,서빙고동
근린공원,원촌,금호2·3가동
근린공원,태봉,양재1동
근린공원,섬들,양재1동
근린공원,망루,양재1동
근린공원,송동,양재1동
근린공원,말죽거리,양재1동
근린공원,방배,서초3동
근린공원,도구머리,서초3동
근린공원,방배동,보라매동
어린이공원,뒷  벌,서초3동
어린이공원,청  두,보라매동
어린이공원,가  꿀,서초3동
어린이공원,까  치,서초3동
어린이공원,새  말,서초3동
어린이공원,너른골,서초3동
어린이공원,정  문,서초3동
어린이공원,안  산,서초3동
어린이공원,방  현,서초3동
어린이공원,동  덕,서초3동
어린이공원,사도감,서초1동
어린이공원,예  술,서초1동
어린이공원,신  중,서초1동
어린이공원,장  안,서초1동
어린이공원,마산말,서초1동
어린이공원,분토골,서초1동
근린공원,반  포,반포본동
근린공원,방아다리1,양재1동
근린공원,방아다리2,양재1동
근린공원,양재천,양재1동
근린공원,마  방,양재1동
근린공원,양  재,양재1동
근린공원,용허리,양재1동
근린공원,명  달,서초1동
근린공원,사평리,잠원동
근린공원,잠  원,잠원동
근린공원,신  동,잠원동
근린공원,고인돌,양재1동
어린이공원,무지개,독산제1동
어린이공원,푸른골,독산제1동
어린이공원,다람쥐,독산제1동
어린이공원,두산,독산제1동
어린이공원,철쭉,독산제1동
어린이공원,파랑새,독산제1동
어린이공원,참새,독산제1동
어린이공원,골말,가산동
어린이공원,무아래,가산동
어린이공원,조마,가산동
근린공원,금천폭포공원,시흥제1동
근린공원,독산근린공원,독산제1동
근린공원,독산자연공원,독산제1동
근린공원,삼성산시민휴식공원,시흥제1동
소공원,도하,독산제1동
근린공원,금나래중앙,독산제1동
어린이공원,별장길,시흥제1동
어린이공원,은행,시흥제1동
어린이공원,느티나무,시흥제1동
어린이공원,송록,시흥제1동
어린이공원,효봉,시흥제1동
어린이공원,신흥,시흥제1동
어린이공원,장미,시흥제1동
어린이공원,산장,시흥제1동
어린이공원,진달래,시흥제1동
어린이공원,까치,시흥제1동
어린이공원,비둘기,시흥제1동
어린이공원,꾸러기,시흥제1동
어린이공원,중앙,시흥제1동
어린이공원,풍림,시흥제1동
어린이공원,부장천,시흥제1동
어린이공원,해태,시흥제1동
어린이공원,새재미,시흥제1동
어린이공원,남서울,시흥제1동
어린이공원,소망,독산제1동
어린이공원,쌈지,독산제1동
어린이공원,옥계,독산제1동
소공원,천왕역소공원,오류2동
어린이공원,이펜시아어린이공원,오류2동
소공원,개명소공원,오류2동
근린공원,봉화대근린공원,오류2동
근린공원,푸른수목원,항동
문화공원,오류동역문화공원,오류1동
소공원,오류동 소공원,오류1동
소공원,연지소공원,오류2동
어린이공원,삭새어린이공원,수궁동
어린이공원,수른어린이공원,수궁동
근린공원,천왕근린공원(시),가양제1동
근린공원,연지근린공원,오류2동
어린이공원,버들어린이공원,오류2동
근린공원,천왕근린공원,오류2동
근린공원,개웅산근린공원,개봉제1동
어린이공원,오동나무어린이공원,오류2동
어린이공원,온수어린이공원,수궁동
소공원,와룡소공원,수궁동
소공원,갈매소공원,수궁동
어린이공원,구로리어린이공원,구로제1동
어린이공원,솔길어린이공원,구로제1동
어린이공원,화원어린이공원,구로제1동
어린이공원,삼각어린이공원,구로제1동
근린공원,구로근린공원,구로제1동
어린이공원,환경어린이공원,구로제1동
어린이공원,애경어린이공원,구로제1동
근린공원,테크노근린공원,홍제제1동
소공원,구로동(다울)소공원,구로제1동
어린이공원,도레미어린이공원,고척제1동
근린공원,계남근린공원,고척제1동
근린공원,고척근린공원,고척제1동
어린이공원,골목어린이공원,고척제1동
어린이공원,능골어린이공원,고척제1동
어린이공원,오금어린이공원,고척제1동
근린공원,덕의근린공원,홍제제1동
소공원,현화소공원,개봉제1동
소공원,무궁화소공원,고척제1동
어린이공원,개웅어린이공원,개봉제1동
어린이공원,소막골어린이공원,개봉제1동
어린이공원,절골어린이공원,개봉제1동
어린이공원,가린열어린이공원,개봉제1동
소공원,개봉소공원,개봉제1동
소공원,개웅소공원,개봉제1동
근린공원,온수근린공원,교남동
어린이공원,신도림어린이공원,신도림동
어린이공원,희망어린이공원,구로제1동
어린이공원,꿈마을어린이공원,구로제1동
근린공원,북한산,정릉제1동
근린공원,삼청,성북동
소공원,잔월,길음제2동
근린공원,길음2구역,길음제1동
근린공원,정릉동,정릉제1동
어린이공원,자주바위,보문동
소공원,맑은소리,길음제1동
소공원,별빛누리,평창동
소공원,돌이음,장위제1동
소공원,도란도란,길음제1동
문화공원,상길례,번1동
근린공원,북악산,성북동
어린이공원,옛시장,종암동
어린이공원,늘푸른,길음제1동
어린이공원,아름,길음제1동
어린이공원,벌집,종암동
어린이공원,일신,종암동
소공원,길음골,길음제1동
소공원,길섶,길음제1동
소공원,행복한,길음제1동
소공원,두레,길음제1동
소공원,돌마루,삼선동
소공원,되너미,삼선동
소공원,꿈빛,삼선동
어린이공원,미래사랑어린이공원,신도림동
문화공원,대성디큐브시티문화공원,신도림동
기타,수락산 <시공원>,상계1동
기타,불암산 <시공원>,중계본동
근린공원,상  계,상계1동
근린공원,갈  말,상계1동
근린공원,갈  울,상계1동
근린공원,원  터,상계1동
근린공원,느티울,상계1동
근린공원,당현천,상계1동
근린공원,온  수,상계1동
근린공원,중  계,중계본동
근린공원,삿갓봉,중계본동
근린공원,노  해,중계본동
근린공원,양  지,중계본동
근린공원,충  숙,하계1동
근린공원,글샘작은,문정1동
근린공원,누에머리,오금동
근린공원,동산,송파1동
근린공원,건너말,가락본동
근린공원,글샘,문정1동
어린이공원,새싹,공항동
어린이공원,서교어린이공원,서교동
어린이공원,잔다리어린이공원,서교동
어린이공원,윗잔다리어린이공원,서교동
어린이공원,동교어린이공원,서교동
어린이공원,합정어린이공원,서교동
어린이공원,양화어린이공원,합정동
어린이공원,한마음어린이공원,망원제1동
어린이공원,옹달샘어린이공원,망원제1동
어린이공원,두리어린이공원,망원제1동
어린이공원,망원새싹어린이공원,망원제1동
어린이공원,느티나무어린이공원,연남동
어린이공원,은행나무어린이공원,연남동
어린이공원,다솜어린이공원,성산제1동
어린이공원,뒤뜰어린이공원,성산제1동
어린이공원,외주목어린이공원,성산제1동
어린이공원,성메어린이공원,성산제1동
어린이공원,성황당어린이공원,성산제1동
어린이공원,큰길어린이공원,성산제1동
어린이공원,쌍둥이어린이공원,성산제1동
어린이공원,성사천어린이공원,성산제1동
어린이공원,중동소어린이공원,성산제2동
어린이공원,중동어린이공원,성산제2동
어린이공원,샘터어린이공원,성산제2동
어린이공원,개나리어린이공원,성산제2동
어린이공원,새누리어린이공원,상암동
어린이공원,휴암어린이공원,상암동
근린공원,상암공원,상암동
근린공원,매봉산공원,상암동
근린공원,구룡공원,상암동
근린공원,부엉이공원,상암동
근린공원,성산공원,성산제1동
근린공원,쌍룡산공원,아현동
근린공원,샛터공원,성산제1동
근린공원,노고산공원,용강동
어린이공원,큰더기어린이공원,아현동
어린이공원,공덕역어린이공원,아현동
어린이공원,마포어린이공원,도화동
어린이공원,복사꽃어린이공원,공덕동
어린이공원,도화소어린이공원,공덕동
어린이공원,삼개어린이공원,공덕동
어린이공원,대흥어린이공원,용강동
어린이공원,현석어린이공원,신수동
어린이공원,창전어린이공원,서강동
어린이공원,와우어린이공원,서강동
어린이공원,천사공원,천호제1동
어린이공원,고분다리공원,천호제1동
어린이공원,동산공원,천호제1동
어린이공원,광진공원,천호제1동
어린이공원,천일골목공원,천호제1동
어린이공원,천호삼거리공원,천호제1동
어린이공원,천호큰골목공원,천호제1동
어린이공원,천암공원,천호제1동
근린공원,성내공원,성내제1동
근린공원,샛마을공원,명일제1동
어린이공원,화랑공원,천호제1동
어린이공원,꿈나래공원,고덕제1동
어린이공원,곰돌이공원,고덕제1동
어린이공원,한우물공원,고덕제1동
어린이공원,무지개공원,고덕제1동
어린이공원,말우물공원,고덕제1동
어린이공원,미리내공원,강일동
어린이공원,새  싹,중계본동
어린이공원,천  보,중계본동
어린이공원,다람쥐,중계본동
어린이공원,광  석,중계본동
어린이공원,꿈동산,중계본동
어린이공원,뻐꾸기,하계1동
어린이공원,앵무새,하계1동
어린이공원,이  화,중계본동
어린이공원,곰돌이,하계1동
어린이공원,갓바위,중계본동
어린이공원,국  화,하계1동
어린이공원,매  봉,월계1동
어린이공원,나팔꽃,월계1동
어린이공원,연  촌,월계1동
어린이공원,비둘기,공릉1동
어린이공원,각  심,월계1동
어린이공원,햇 살,월계1동
어린이공원,연  지,월계1동
어린이공원,효  성,공릉1동
어린이공원,초  안,월계1동
어린이공원,안  골,월계1동
어린이공원,새마을,상계1동
어린이공원,샘  터,상계1동
어린이공원,늘푸른,상계1동
어린이공원,샛  별,상계1동
어린이공원,은하수,월계1동
어린이공원,코스모스,상계1동
어린이공원,철  쭉,상계1동
어린이공원,들국화,중계본동
어린이공원,백  합,중계본동
어린이공원,해바라기,하계1동
어린이공원,하  계,하계1동
어린이공원,중  현,하계1동
어린이공원,중  평,하계1동
어린이공원,꿈나라,중계본동
어린이공원,화곡2주구1,화곡제1동
어린이공원,내촌,공항동
어린이공원,신대부석,공항동
어린이공원,목련,공항동
어린이공원,샛별,공항동
어린이공원,꽃동네,염창동
어린이공원,가양,염창동
어린이공원,엄지,염창동
어린이공원,무지개,염창동
어린이공원,풀피리,염창동
어린이공원,곰돌이,염창동
어린이공원,비둘기,염창동
어린이공원,진달래,염창동
어린이공원,발음,발산제1동
어린이공원,광명,발산제1동
어린이공원,수정,발산제1동
어린이공원,은행나무,발산제1동
어린이공원,신광명,발산제1동
어린이공원,원당,발산제1동
어린이공원,가곡,발산제1동
어린이공원,꿈빛,발산제1동
어린이공원,활주로,공항동
어린이공원,다솔,공항동
어린이공원,장미,공항동
어린이공원,송정,공항동
어린이공원,쌈지,공항동
어린이공원,개나리,공항동
어린이공원,긴등,공항동
어린이공원,문성,공항동
어린이공원,새싹,공항동
어린이공원,도레미,공항동
어린이공원,들꽃,공항동
어린이공원,봉선화,공항동
어린이공원,민들레,공항동
어린이공원,화곡2주구2,화곡제1동
어린이공원,범바위,화곡제1동
어린이공원,개나리,화곡제1동
어린이공원,화곡3주구1,화곡제1동
어린이공원,화곡3주구2,화곡제1동
어린이공원,역말,화곡제1동
어린이공원,새말,화곡제1동
어린이공원,연지,화곡제1동
어린이공원,백연,화곡제1동
어린이공원,솔뫼,화곡제1동
어린이공원,월정,화곡제1동
어린이공원,초롱,화곡제1동
어린이공원,은행,화곡제1동
어린이공원,까치산,화곡제1동
어린이공원,배다리,화곡제1동
어린이공원,안골,화곡제1동
어린이공원,대무,화곡제1동
어린이공원,모태,화곡제1동
어린이공원,더부리,화곡제1동
어린이공원,나들이,염창동
어린이공원,아름,염창동
어린이공원,샛  말,상계1동
어린이공원,호돌이,상계1동
어린이공원,산철쭉,상계1동
어린이공원,삼  들,상계1동
어린이공원,개나리,상계1동
어린이공원,봉숭아,상계1동
어린이공원,두루미,상계1동
어린이공원,참  새,상계1동
어린이공원,햇  빛,상계1동
어린이공원,종달새,상계1동
어린이공원,상록수,상계1동
어린이공원,반  디,상계1동
어린이공원,민들레,상계1동
어린이공원,달  빛,상계1동
어린이공원,용  화,상계1동
어린이공원,온  곡,상계1동
어린이공원,한아름,상계1동
어린이공원,채송화,상계1동
어린이공원,기  린,상계1동
어린이공원,엄  지,상계1동
어린이공원,소  망,상계1동
어린이공원,까  치,상계1동
어린이공원,감나무,상계1동
어린이공원,신기루,상계1동
어린이공원,물보라,상계1동
어린이공원,선  녀,상계1동
어린이공원,사  랑,상계1동
근린공원,가재울,중계본동
근린공원,초안산 <시공원>,월계1동
근린공원,한글비,하계1동
근린공원,비석골,월계1동
근린공원,벽  운,상계1동
근린공원,달맞이,중계본동
근린공원,솔  밭,공릉1동
근린공원,한  내,월계1동
근린공원,장암지구,상계1동
근린공원,영축산              <시공원>,월계1동
어린이공원,돌곶이,월계1동
어린이공원,벼  루,월계1동
어린이공원,소곶네,월계1동
어린이공원,연천내,월계1동
어린이공원,월  계,월계1동
어린이공원,새나라,공릉1동
어린이공원,해오라기,공릉1동
어린이공원,옹달샘,공릉1동
어린이공원,나  래,공릉1동
어린이공원,씨  알,공릉1동
어린이공원,개  미,공릉1동
어린이공원,별  빛,공릉1동
어린이공원,공  작,하계1동
어린이공원,목  련,하계1동
어린이공원,전주동,중계본동
어린이공원,당  현,중계본동
어린이공원,무궁화,상계1동
근린공원,개롱,가락본동
근린공원,거여,거여1동
소공원,동부,성수1가제1동
소공원,청송,성수2가제1동
소공원,향림,성수2가제1동
소공원,장미,송정동
소공원,금옥,금호2·3가동
소공원,금남,금호2·3가동
소공원,옥정,옥수동
소공원,매봉,옥수동
소공원,왕십리 KCC스위첸,왕십리제2동
기타,뉴타운2구역,왕십리도선동
기타,뉴타운1구역,왕십리제2동
어린이공원,청계꿈나무,왕십리제2동
어린이공원,푸른,금호4가동
어린이공원,견우,왕십리도선동
어린이공원,직녀,왕십리제2동
소공원,트리마제,성수1가제1동
소공원,하왕1-5구역,왕십리제2동
소공원,행당4구역,사근동
근린공원,가락,가락본동
근린공원,개나리,잠실본동
어린이공원,서마장,마장동
어린이공원,송정,송정동
어린이공원,미소,왕십리제2동
어린이공원,응삼,응봉동
어린이공원,상원,성수1가제1동
어린이공원,보람,마장동
어린이공원,무지개,성수2가제1동
소공원,도장골,사근동
어린이공원,도선,왕십리도선동
어린이공원,살구골,사근동
어린이공원,금동,금호2·3가동
어린이공원,논골새싹,사근동
어린이공원,꽃재,왕십리제2동
어린이공원,전관원,사근동
근린공원,달맞이,금호4가동
근린공원,무학봉,왕십리제2동
근린공원,금호,금호2·3가동
근린공원,용답휴식,용답동
근린공원,성수,성수2가제1동
어린이공원,성원,성수1가제1동
어린이공원,동마장,마장동
어린이공원,응봉새말,응봉동
어린이공원,사근,사근동
어린이공원,마장,마장동
어린이공원,성삼,성수2가제1동
어린이공원,은행나무터,성수2가제1동
어린이공원,아남,성수2가제1동
어린이공원,열림,성수2가제1동
어린이공원,응봉개나리,응봉동
어린이공원,은하수,공항동
어린이공원,목련어린이공원,상암동
어린이공원,산수유어린이공원,상암동
어린이공원,산딸나무어린이공원,상암동
어린이공원,애오개도담어린이공원,아현동
어린이공원,부엉바위어린이공원,상암동
어린이공원,물치어린이공원,상암동
어린이공원,귀리어린이공원,상암동
소공원,대치청실아파트 소공원2,대치1동
어린이공원,능말,공항동
어린이공원,메아리,공항동
어린이공원,느티,공항동
어린이공원,돌샘,공항동
어린이공원,꿈나무,공항동
어린이공원,개화,공항동
어린이공원,긴등마을,가양제1동
어린이공원,꿈자람,가양제1동
어린이공원,다솜,가양제1동
어린이공원,풀잎,가양제1동
어린이공원,푸르미,가양제1동
어린이공원,예솔,가양제1동
어린이공원,솔,가양제1동
어린이공원,햇빛,가양제1동
어린이공원,비석거리,가락본동
어린이공원,뽕밭,잠실본동
어린이공원,삼밭,삼전동
어린이공원,삼밭나루,삼전동
어린이공원,삼전,삼전동
어린이공원,삼학사,삼전동
어린이공원,새마을,잠실본동
어린이공원,새말,가락본동
어린이공원,새싹,송파1동
어린이공원,샛별,가락본동
어린이공원,샛팽이,가락본동
어린이공원,석촌,석촌동
어린이공원,섬굴,마천1동
어린이공원,솔바람,문정2동
어린이공원,솔밭,방이1동
어린이공원,동호수,송파1동
어린이공원,봉  황,상봉제1동
어린이공원,상  봉,상봉제1동
어린이공원,상  리,상봉제1동
어린이공원,봉  화,중화제1동
어린이공원,중화리,중화제1동
어린이공원,초  롱,중화제1동
어린이공원,배  꽃,중화제1동
어린이공원,세  화,중화제1동
어린이공원,본  동,중화제1동
어린이공원,소  망,묵제1동
어린이공원,먹  골,묵제1동
어린이공원,등나무,망우본동
어린이공원,갓바위,망우본동
어린이공원,돌무데기,마천1동
어린이공원,열  매,면목제2동
어린이공원,사  랑,면목제2동
어린이공원,남  촌,면목제2동
어린이공원,햇  살,면목제2동
어린이공원,까  치,면목제2동
어린이공원,샘  터,면목제2동
어린이공원,송  계,면목제2동
어린이공원,소  파,면목제2동
어린이공원,섬  들,면목제2동
어린이공원,한  신,면목제2동
어린이공원,이  화,면목제2동
근린공원,능산공원,신내1동
근린공원,구릉공원,신내1동
근린공원,능말공원,신내1동
근린공원,배말공원,신내1동
어린이공원,원  묵,묵제1동
어린이공원,서  당,묵제1동
어린이공원,은하수,신내1동
어린이공원,꽃동산,망우본동
어린이공원,달동산,망우본동
어린이공원,샛  별,망우본동
어린이공원,햇  님,망우본동
어린이공원,안  골,신내1동
어린이공원,한아름,신내1동
어린이공원,꽃피울,신내1동
어린이공원,신  현,상봉제1동
어린이공원,망우동,망우본동
어린이공원,면  목,면목제2동
어린이공원,양  지,면목제2동
어린이공원,겸  재,면목제2동
어린이공원,오거리,면목제2동
어린이공원,개나리,문정1동
어린이공원,개미,거여1동
어린이공원,거북이,송파1동
어린이공원,거여,거여1동
어린이공원,곰말,방이1동
어린이공원,굴렁쇠,문정1동
어린이공원,꿈나무,오금동
어린이공원,나루터,삼전동
어린이공원,남천,마천1동
어린이공원,늘봄,문정1동
어린이공원,능골,가락본동
어린이공원,대건,가락본동
어린이공원,도담,마천1동
어린이공원,돌마리,석촌동
근린공원,방이,방이1동
근린공원,백토,오금동
근린공원,뽕나무,잠실본동
근린공원,삼전,삼전동
근린공원,소리,문정1동
근린공원,송파,송파1동
근린공원,송파나루,잠실4동
근린공원,숯내,문정1동
근린공원,아시아,잠실본동
근린공원,연화,문정1동
근린공원,오금,오금동
근린공원,온조마루,잠실4동
근린공원,웃말,가락본동
근린공원,잠실,잠실본동
근린공원,장수,문정2동
근린공원,장지,문정2동
근린공원,천마,마천1동
근린공원,태양,풍납1동
근린공원,풍납,풍납1동
근린공원,하늘가람,잠실4동
근린공원,한양,송파1동
근린공원,한우물,문정1동
근린공원,훼밀리,문정1동
근린공원,오금지구 근린공원,오금동
어린이공원,가야금,오금동
소공원,이촌한우리공원,이촌제1동
소공원,해님공원,원효로제1동
소공원,달님공원,원효로제1동
소공원,별님공원,원효로제1동
소공원,이태원마을숲,이태원제1동
소공원,독서당공원,한남동
소공원,한남공원,한남동
소공원,이태원어린이놀이터,이태원제1동
소공원,한강대로공원,한강로동
역사공원,이태원부군당,이태원제1동
가로공원,신용산가로공원,한강로동
가로공원,한강로가로공원,한강로동
어린이공원,서계가로어린이공원,청파동
어린이공원,후암어린이공원,후암동
소공원,비상공원,이촌제1동
소공원,청탑공원,이촌제1동
소공원,사촌공원,이촌제1동
소공원,강변복지공원,이촌제1동
근린공원,마천,마천1동
근린공원,매미,잠실본동
근린공원,목련,오금동
근린공원,문정,문정1동
어린이공원,비둘기,방이1동
어린이공원,부렴,잠실본동
어린이공원,오얏골,번1동
어린이공원,벌 리,번1동
어린이공원,벌 말,번1동
소공원,박미사랑,시흥제1동
어린이공원,목화,독산제1동
어린이공원,꿈나무,독산제1동
어린이공원,정훈,독산제1동
어린이공원,무궁화,독산제1동
근린공원,금천체육공원,독산제1동
근린공원,산기슭공원,시흥제1동
근린공원,감로천생태공원,독산제1동
어린이공원,한사랑,독산제1동
어린이공원,반수,독산제1동
어린이공원,구룡,독산제1동
어린이공원,남문,독산제1동
어린이공원,동산,독산제1동
어린이공원,배미골,거여1동
어린이공원,배밭,송파1동
어린이공원,버들,문정2동
어린이공원,벌말,오금동
어린이공원,복숭아,오금동
어린이공원,봉우리,가락본동
기타,우이천가로공원,번1동
기타,월계2동쌈지(신화연립),월계1동
기타,월계2동쌈지(신우빌라),월계1동
기타,중계본동 보호수 근처,중계본동
기타,원암유치원,중계본동
기타,상계5동 쌈지마당,상계1동
기타,상계5동 간촌마을 가로공원,상계1동
기타,힐링숲,상계1동
기타,양지마을마당,중계본동
기타,공릉3동소공원,공릉1동
기타,주민소통공간,상계1동
기타,성북역,월계1동
기타,샘말공원,공릉1동
기타,산성미소지움 앞,공릉1동
기타,우남아파트 앞,월계1동
기타,석계역 굴다리,석관동
기타,월계 현대아파트앞,월계1동
기타,월계 롯데캐슬 옆,번1동
기타,불암초,중계본동
기타,불암소공원,상계1동
기타,노원골 만남의광장,상계1동
기타,천상병공원,상계1동
기타,비콘과대망사이,상계1동
기타,중계1동 소공원,중계본동
기타,소방파출소,상계1동
기타,순복음교회 뒤,상계1동
기타,순복음 목재소,상계1동
기타,상계2동 마을숲,상계1동
기타,현대 초입,상계1동
기타,간촌 인근,상계1동
기타,상계초,상계1동
기타,계상초 인근,상계1동
기타,석계역문화공원,월계1동
기타,공릉가로공원,공릉1동
기타,상계 5,상계1동
기타,한천가로공원,공릉1동
어린이공원,무지개,공릉1동
어린이공원,청  솔,공릉1동
어린이공원,송  림,공릉1동
어린이공원,배  꽃,공릉1동
어린이공원,불  암,상계1동
어린이공원,장 암,상계1동
어린이공원,꽃사슴,상계1동
어린이공원,갈 월,상계1동
어린이공원,희망,상계1동
어린이공원,인덕마을,월계1동
소공원,벼루,월계1동
소공원,중계,중계본동
문화공원,한무리,공릉1동
문화공원,등나무,중계본동
체육공원,마들,상계1동
기타,공릉 2,공릉1동
기타,간  촌,상계1동
기타,다우리,상계1동
기타,나누리,상계1동
기타,상계 10,상계1동
기타,오장골,상계1동
기타,안  산,상계1동
기타,상계 1,상계1동
기타,상계 3,상계1동
기타,공릉2(산업대앞),공릉1동
기타,쌈지마당,중계본동
기타,"우체국 옆(엠코, 태릉입구 5번 출구)",공릉1동
기타,노원역 역사문화마당,상계1동
근린공원,모랫말,길음제2동
근린공원,아름드리,길음제2동
근린공원,숭인,보문동
어린이공원,삼선,삼선동
어린이공원,범바위,안암동
어린이공원,꿈나라,보문동
어린이공원,동산,길음제2동
어린이공원,밤골,길음제2동
어린이공원,햇살,월곡제2동
어린이공원,향기,월곡제2동
어린이공원,동방,장위제1동
어린이공원,샛별,석관동
어린이공원,돌뫼,석관동
어린이공원,새소리,동선동
어린이공원,종암,종암동
어린이공원,솔향기,길음제1동
어린이공원,해맑은,길음제1동
어린이공원,한울,정릉제1동
어린이공원,솔숲,정릉제1동
어린이공원,동망봉,보문동
어린이공원,맑은숲,장위제1동
어린이공원,화랑,석관동
어린이공원,고암,종암동
근린공원,성북,동선동
근린공원,오동,길음제2동
근린공원,개운산,동선동
근린공원,청량,석관동
어린이공원,새  싹,면목제2동
어린이공원,묵  동,묵제1동
소공원,묵동소공원,묵제1동
소공원,묵1동소공원,묵제1동
소공원,코오롱하늘채앞소공원,면목제2동
기타,원당샘공원,방학제1동
기타,도로개설잔여부 휴게공원,방학제1동
기타,서울북부지방검찰청주변녹지,도봉제1동
어린이공원,물방울,창제1동
어린이공원,장 미,창제1동
어린이공원,창고개,창제1동
어린이공원,다람쥐,창제1동
어린이공원,달 내,창제1동
어린이공원,꿈동산,창제1동
어린이공원,미 화,창제1동
소공원,창3 마을공원,창제1동
소공원,창2 마을공원,창제1동
소공원,무수울 소공원,도봉제1동
소공원,무수골 소공원,도봉제1동
소공원,쌍문1구역 소공원,쌍문제1동
체육공원,다락원 체육공원,도봉제1동
기타,서울 창포원,도봉제1동
기타,방학3동,방학제1동
기타,도봉1동(1),도봉제1동
기타,쌍문1동,쌍문제1동
기타,창5동,창제1동
기타,도봉2동,도봉제1동
기타,방학1동,방학제1동
기타,도봉1동(2),도봉제1동
기타,쌍문4동(1),쌍문제1동
기타,쌍문4동(2),쌍문제1동
기타,쌍문2동,쌍문제1동
기타,발바닥공원,방학제1동
기타,방학사계광장,방학제1동
기타,도봉산역 만남의광장,도봉제1동
기타,창동 공원,창제1동
기타,방학동 공원,방학제1동
기타,방학3동 가로공원,방학제1동
기타,도봉마루공원,도봉제1동
기타,한전변전소 자투리땅 휴게공원,쌍문제1동
어린이공원,서 원,도봉제1동
어린이공원,무 수,도봉제1동
어린이공원,해 태,도봉제1동
어린이공원,갈대밭,도봉제1동
어린이공원,방 학,방학제1동
어린이공원,샘 말,방학제1동
어린이공원,개나리,방학제1동
어린이공원,생잇들,방학제1동
어린이공원,무궁화,방학제1동
어린이공원,뒷 말,방학제1동
어린이공원,사 슴,방학제1동
어린이공원,소 망,방학제1동
어린이공원,학 골,방학제1동
어린이공원,금성윗들,방학제1동
어린이공원,노 해,쌍문제1동
어린이공원,둥근달,쌍문제1동
어린이공원,꽃동네,쌍문제1동
어린이공원,샛 별,쌍문제1동
어린이공원,효 자,창제1동
어린이공원,모 랫,창제1동
어린이공원,유 만,창제1동
어린이공원,대 창,창제1동
어린이공원,창 원,창제1동
어린이공원,은행나무,창제1동
어린이공원,반 석,창제1동
어린이공원,뱃 골,창제1동
어린이공원,밤 골,창제1동
어린이공원,창 골,창제1동
어린이공원,신 창,창제1동
기타,북한산 국립공원,도봉제1동
근린공원,초안산근린공원,창제1동
근린공원,쌍문근린공원,쌍문제1동
근린공원,월천근린공원,창제1동
어린이공원,누 원,도봉제1동
어린이공원,새동네,도봉제1동
어린이공원,무지개,도봉제1동
어린이공원,양마장공원,자양제1동
어린이공원,자양공원,자양제1동
소공원,세모꼴공원,자양제1동
어린이공원,가중나무공원,화양동
어린이공원,한아름공원,화양동
어린이공원,해님공원,화양동
어린이공원,화양공원,화양동
소공원,화양동정자마당공원,성수2가제1동
어린이공원,남일공원,송정동
어린이공원,군자공원,군자동
소공원,홍련산의,구의제1동
소공원,능동소공원,능동
어린이공원,한마음공원,중곡제1동
어린이공원,긴고랑공원,중곡제1동
소공원,능동정자마당공원,군자동
어린이공원,개나리공원,구의제1동
어린이공원,목련공원,구의제1동
어린이공원,무궁화공원,구의제1동
어린이공원,장미공원,구의제1동
어린이공원,푸른동산공원,구의제1동
어린이공원,구둘공원,구의제1동
어린이공원,구의공원,구의제1동
어린이공원,명성공원,화양동
소공원,구의가로휴식공원,자양제1동
어린이공원,온달공원,광장동
어린이공원,평강공원,광장동
소공원,약초원공원,성수2가제1동
어린이공원,약초원공원,성수2가제1동
어린이공원,정말공원,자양제1동
어린이공원,자마장공원,자양제1동
어린이공원,장독골공원,자양제1동
어린이공원,언덕배기공원,자양제1동
어린이공원,금모래공원,자양제1동
어린이공원,동자공원,자양제1동
어린이공원,노유산공원,자양제1동
어린이공원,성화공원,성수2가제1동
어린이공원,중곡공원,중곡제1동
어린이공원,배나무터공원,중곡제1동
어린이공원,해오름공원,중곡제1동
소공원,미성,서원동
어린이공원,약수,서원동
소공원,삼육,보라매동
어린이공원,양산,서원동
어린이공원,합실,서원동
소공원,행운동,보라매동
어린이공원,봉천,보라매동
소공원,까치산,보라매동
소공원,남태령제2,남현동
어린이공원,목화,서원동
어린이공원,대협,서원동
어린이공원,인헌,보라매동
어린이공원,충효,보라매동
어린이공원,해바라기,서원동
어린이공원,영락,보라매동
어린이공원,오성,서원동
어린이공원,미림,서원동
소공원,도덕,서원동
어린이공원,남강,서원동
소공원,하늘소공원,홍은제1동
어린이공원,모래내어린이공원,남가좌제1동
어린이공원,가재울어린이공원,남가좌제1동
어린이공원,북아현어린이공원,북아현동
어린이공원,한성어린이공원,북아현동
어린이공원,너른바위어린이공원,북아현동
근린공원,복주산근린공원,북아현동
소공원,아현역소공원,북아현동
소공원,남가좌동소공원,남가좌제1동
어린이공원,남가좌동어린이공원,남가좌제1동
어린이공원,연희푸르지오어린이공원,연희동
어린이공원,백련어린이공원,홍은제1동
어린이공원,남이마을어린이공원,남가좌제1동
어린이공원,연남어린이공원,남가좌제1동
어린이공원,실락어린이공원,홍은제1동
어린이공원,바람산어린이공원,신촌동
근린공원,독립근린공원,천연동
어린이공원,가좌어린이공원,남가좌제1동
어린이공원,개나리어린이공원,남가좌제1동
근린공원,창천근린공원,신촌동
근린공원,홍제근린공원,홍제제1동
소공원,기차길옆소공원,충현동
어린이공원,독립문어린이공원,천연동
어린이공원,연서어린이공원,연희동
어린이공원,북가좌정원지구어린이공원,북가좌제1동
어린이공원,홍은동어린이공원,홍은제1동
소공원,아름다운소공원,홍제제1동
근린공원,중앙근린공원,북가좌제1동
어린이공원,솟대어린이공원,남가좌제1동
어린이공원,나비울어린이공원,북가좌제1동
소공원,홍은3소공원,홍은제1동
어린이공원,거꾸로어린이공원,북가좌제1동
소공원,문화소공원,홍제제1동
소공원,한울소공원,남가좌제1동
소공원,무궁화소공원,홍제제1동
근린공원,궁동근린공원,연희동
어린이공원,명수어린이공원,북아현동
문화공원,대현문화공원,신촌동
어린이공원,문화촌어린이공원,홍제제1동
어린이공원,불천어린이공원,홍제제1동
어린이공원,은가어린이공원,북가좌제1동
근린공원,백련근린공원,홍은제1동
어린이공원,동구물어린이공원,연희동
어린이공원,궁뜰어린이공원,연희동
어린이공원,궁말어린이공원,연희동
어린이공원,대궐재어린이공원,연희동
어린이공원,연희어린이공원,연희동
어린이공원,신가어린이공원,북가좌제1동
어린이공원,해담는어린이공원,북가좌제1동
어린이공원,다람쥐어린이공원,연희동
어린이공원,모랫재어린이공원,홍제제1동
어린이공원,상암곡어린이공원,홍제제1동
어린이공원,홍남어린이공원,홍은제1동
어린이공원,홍연어린이공원,홍은제1동
어린이공원,한라,서원동
어린이공원,서광,서원동
문화공원,창천문화공원,신촌동
근린공원,까치산근린공원,보라매동
어린이공원,봉림,서원동
어린이공원,쑥고개,서원동
어린이공원,난곡,서원동
어린이공원,신라,서원동
어린이공원,학다리,보라매동
어린이공원,용담,보라매동
어린이공원,원당,보라매동
어린이공원,교체,보라매동
어린이공원,청룡,보라매동
어린이공원,모래내,보라매동
소공원,연주대,서원동
어린이공원,태양,서원동
어린이공원,사우촌,서원동
어린이공원,약수,보라매동
어린이공원,탑골,보라매동
어린이공원,장미,보라매동
도시농업공원,용마도시자연공원,면목제2동
어린이공원,상록,남현동
어린이공원,남현,남현동
어린이공원,예촌,남현동
어린이공원,난우,서원동
어린이공원,남부,서원동
어린이공원,새들,서원동
어린이공원,색동,서원동
어린이공원,새숲,서원동
소공원,장군봉,서원동
어린이공원,은천,보라매동
어린이공원,국회단지,보라매동
어린이공원,송학,보라매동
어린이공원,신화,서원동
어린이공원,미도,서원동
어린이공원,무궁화,서원동
근린공원,장군봉근린공원,서원동
어린이공원,비안,보라매동
어린이공원,국사봉,보라매동
어린이공원,꿈에그린어린이공원,영등포본동
소공원,문래소공원,문래동
소공원,인스빌1 소공원,문래동
소공원,인스빌2 소공원,문래동
소공원,꽃담 소공원,당산제2동
소공원,(가칭)신길14재정비촉진구역 소공원,영등포본동
소공원,당산역 소공원,당산제2동
소공원,파밀리에 소공원,신길제5동
소공원,도리미 소공원,도림동
소공원,새말소공원,당산제2동
소공원,이음소공원,당산제2동
소공원,당산나루소공원,당산제2동
소공원,(가칭)모아미래도 소공원,문래동
소공원,(가칭)당산4구역 소공원,당산제2동
소공원,(가칭)신길7재정비촉진구역 소공원,영등포본동
소공원,(가칭)신길11재정비촉진구역 소공원,영등포본동
역사공원,(가칭)영등포1-4구역 역사공원,영등포동
소공원,(가칭)신길5재정비촉진구역 소공원,영등포본동
어린이공원,(가칭)신길5구역어린이공원,영등포본동
근린공원,상도근린공원,보라매동
어린이공원,호박골,서원동
어린이공원,해태,서원동
어린이공원,당곡,보라매동
어린이공원,군아파트,남현동
근린공원,당산근린공원,당산제1동
근린공원,메낙골근린공원,영등포본동
어린이공원,중앙어린이공원,영등포동
어린이공원,평화어린이공원,여의동
어린이공원,자유어린이공원,여의동
어린이공원,강마을어린이공원,당산제2동
어린이공원,양남어린이공원,양평제1동
어린이공원,산성어린이공원,신길제5동
어린이공원,다사랑어린이공원,신길제5동
어린이공원,고추말어린이공원,도림동
어린이공원,대림어린이공원,신길제5동
어린이공원,서강어린이공원,영등포동
어린이공원,원지어린이공원,신길제5동
어린이공원,동심어린이공원,신길제5동
어린이공원,두암어린이공원,신길제5동
어린이공원,신우어린이공원,신길제5동
근린공원,양화폭포근린공원,양평제2동
근린공원,영등포근린공원,영등포본동
어린이공원,양평어린이공원,양평제2동
어린이공원,영일어린이공원,영등포본동
근린공원,중마루근린공원,영등포동
근린공원,신길근린공원,영등포본동
근린공원,문래근린공원,문래동
근린공원,자매근린공원,여의동
어린이공원,신일어린이공원,영등포본동
